encuesta,edad,sexo,escolaridad,procedimiento,e1,e2,e3,e4,e5,e6,e7,e8,e9,e10,e11,e12,e13,e14,e15,e16,e17,e18,e19,e20,e21,e22,p1,p2,p3,p4,p5,p6,p7,p8,p9,p10,p11,p12,p13,p14,p15,p16,p17,p18,p19,p20,p21,p22,d1,d2,d3,d4,d5,d6,d7,d8,d9,d10,d11,d12,d13,d14,d15,d16,d17,d18,d19,d20,d21,d22,rango_edad,orden_rango_edad,orden_escolaridad
1,45,Femenino,Secundaria,Calificación accidente de trabajo,7,6,6,7,5,7,7,7,7,7,7,7,7,7,7,7,7,7,7,7,7,7,7,7,7,7,7,7,7,7,7,6,5,6,6,7,6,6,7,7,7,7,5,7,0,1,1,0,2,0,0,0,0,-1,-2,-1,-1,0,-1,-1,0,0,0,0,-2,0,40s,4,3
2,44,Masculino,Preparatoria,Dictamen Incapacidad Permanente Parcial,6,6,6,6,6,6,6,6,6,6,6,6,6,6,6,6,6,6,6,6,6,6,6,6,6,6,6,6,6,6,6,6,6,6,6,6,6,6,6,6,6,6,6,6,0,0,0,0,0,0,0,0,0,0,0,0,0,0,0,0,0,0,0,0,0,0,40s,4,4
3,49,Femenino,Secundaria,Dictamen de Invalidez,7,7,7,7,7,7,7,4,2,5,4,4,5,4,4,5,5,5,5,5,5,5,7,7,7,7,7,7,7,7,7,7,7,7,7,7,7,7,7,7,7,7,7,7,0,0,0,0,0,0,0,3,5,2,3,3,2,3,3,2,2,2,2,2,2,2,40s,4,3
4,28,Masculino,Preparatoria,Calificación accidente de trabajo,5,4,6,7,7,5,7,7,7,7,7,7,7,7,7,7,7,7,5,6,7,7,6,6,7,7,7,7,7,7,7,7,7,7,7,7,7,7,7,7,6,7,7,7,1,2,1,0,0,2,0,0,0,0,0,0,0,0,0,0,0,0,1,1,0,0,20s,2,4
5,31,Masculino,Secundaria,Calificación accidente de trabajo,7,5,6,7,7,7,7,7,7,7,7,7,7,7,7,7,7,7,7,7,7,7,7,7,7,7,7,7,7,7,7,7,7,7,7,7,7,7,7,7,7,7,7,7,0,2,1,0,0,0,0,0,0,0,0,0,0,0,0,0,0,0,0,0,0,0,30s,3,3
6,30,Femenino,Licenciatura,Calificación accidente de trabajo,7,7,7,7,7,7,7,7,7,7,7,7,7,7,7,7,7,7,7,7,7,7,7,1,7,7,7,7,1,1,1,7,6,7,7,7,7,7,7,7,7,7,7,3,0,-6,0,0,0,0,-6,-6,-6,0,-1,0,0,0,0,0,0,0,0,0,0,-4,30s,3,5
7,49,Femenino,Secundaria,Calificación accidente de trabajo,5,7,6,6,5,7,6,7,6,5,6,6,5,5,5,5,6,6,7,6,7,7,7,5,7,7,7,7,7,7,7,6,6,7,7,7,7,7,7,7,7,7,7,7,2,-2,1,1,2,0,1,0,1,1,0,1,2,2,2,2,1,1,0,1,0,0,40s,4,3
8,36,Masculino,Secundaria,Calificación accidente de trabajo,6,5,6,7,5,6,7,6,6,7,7,7,7,6,7,6,5,6,7,7,6,7,7,6,6,6,6,6,6,6,6,6,6,6,6,6,6,6,6,6,6,6,6,6,1,1,0,-1,1,0,-1,0,0,-1,-1,-1,-1,0,-1,0,1,0,-1,-1,0,-1,30s,3,3
9,42,Masculino,Preparatoria,Dictamen Incapacidad Permanente Parcial,5,5,5,5,5,5,5,5,5,5,5,5,5,5,5,5,5,5,5,5,5,5,7,5,5,6,6,5,6,6,6,6,6,6,7,7,7,7,7,7,7,7,7,7,2,0,0,1,1,0,1,1,1,1,1,1,2,2,2,2,2,2,2,2,2,2,40s,4,4
10,18,Masculino,Secundaria,Calificación accidente de trabajo,6,6,6,7,7,7,7,7,6,6,7,7,7,6,6,6,6,7,7,7,6,6,6,6,6,6,6,6,6,6,6,6,6,6,6,6,6,6,6,6,6,6,6,6,0,0,0,-1,-1,-1,-1,-1,0,0,-1,-1,-1,0,0,0,0,-1,-1,-1,0,0,10s,1,3
11,18,Femenino,Secundaria,Calificación accidente de trabajo,7,7,7,7,7,7,7,7,7,7,7,7,7,7,7,7,7,7,7,7,7,7,7,6,6,7,7,7,7,7,7,7,7,7,7,7,7,7,7,7,7,7,6,6,0,-1,-1,0,0,0,0,0,0,0,0,0,0,0,0,0,0,0,0,0,-1,-1,10s,1,3
12,49,Masculino,Secundaria,Dictamen Incapacidad Permanente Parcial,5,3,5,5,5,3,1,1,1,5,1,1,1,2,1,1,2,5,5,4,3,4,5,5,5,5,3,3,1,1,1,5,1,2,1,5,1,2,4,5,5,4,4,4,0,2,0,0,-2,0,0,0,0,0,0,1,0,3,0,1,2,0,0,0,1,0,40s,4,3
13,31,Femenino,Licenciatura,Calificación accidente de trabajo,3,4,4,6,3,4,6,6,4,7,6,7,6,7,7,6,6,7,7,6,2,1,2,4,5,6,3,4,7,7,7,4,5,5,5,5,4,4,4,6,6,6,6,6,-1,0,1,0,0,0,1,1,3,-3,-1,-2,-1,-2,-3,-2,-2,-1,-1,0,4,5,30s,3,5
14,45,Femenino,Preparatoria,Calificación accidente de trabajo,7,7,7,6,7,6,7,4,2,5,4,4,5,4,4,6,5,6,5,5,6,5,6,6,7,7,7,7,7,7,7,6,7,7,7,7,7,6,7,7,6,7,7,7,-1,-1,0,1,0,1,0,3,5,1,3,3,2,3,3,0,2,1,1,2,1,2,40s,4,4
15,31,Masculino,Secundaria,Calificación accidente de trabajo,6,5,6,7,5,6,7,6,6,7,7,7,7,6,7,6,5,6,7,7,6,7,7,7,7,7,7,7,7,6,6,5,7,7,7,7,7,7,7,7,7,7,6,6,1,2,1,0,2,1,0,0,0,-2,0,0,0,1,0,1,2,1,0,0,0,-1,30s,3,3
16,59,Masculino,Preparatoria,Dictamen de Invalidez,6,5,5,6,5,5,5,5,4,7,7,7,7,7,7,7,7,7,6,6,6,5,7,6,6,7,7,7,6,6,6,7,7,7,7,7,7,7,7,7,7,7,7,7,1,1,1,1,2,2,1,1,2,0,0,0,0,0,0,0,0,0,1,1,1,2,50s,5,4
17,45,Femenino,Analfabeta,Dictamen Incapacidad Permanente Parcial,7,7,7,7,7,7,7,7,7,7,7,7,7,7,7,7,7,7,7,7,7,7,7,7,7,7,7,7,7,7,7,7,7,7,7,7,7,7,7,7,7,7,7,7,0,0,0,0,0,0,0,0,0,0,0,0,0,0,0,0,0,0,0,0,0,0,40s,4,1
18,18,Masculino,Secundaria,Calificación accidente de trabajo,7,7,7,7,7,7,7,7,7,7,7,7,7,7,7,7,7,7,7,7,7,7,7,5,7,6,6,7,7,7,7,7,7,7,7,7,7,7,7,7,7,7,6,6,0,-2,0,-1,-1,0,0,0,0,0,0,0,0,0,0,0,0,0,0,0,-1,-1,10s,1,3
19,52,Femenino,Secundaria,Calificación enfermedad de trabajo,3,6,2,6,2,4,5,5,4,6,4,4,6,4,4,6,6,6,5,4,5,2,6,5,6,6,6,7,5,5,5,7,6,7,7,7,7,7,7,7,7,7,7,7,3,-1,4,0,4,3,0,0,1,1,2,3,1,3,3,1,1,1,2,3,2,5,50s,5,3
20,47,Femenino,Secundaria,Calificación accidente de trabajo,5,5,6,6,6,6,6,5,6,6,6,6,5,6,6,6,5,6,6,6,7,7,6,6,6,6,6,6,6,6,6,6,6,6,6,6,6,6,6,6,6,6,6,6,1,1,0,0,0,0,0,1,0,0,0,0,1,0,0,0,1,0,0,0,-1,-1,40s,4,3
21,39,Masculino,Preparatoria,Calificación accidente de trabajo,5,5,5,5,5,5,5,5,5,5,5,5,5,5,5,5,5,5,5,5,5,5,6,6,6,6,6,6,6,6,6,6,6,6,6,6,6,6,6,6,6,6,6,6,1,1,1,1,1,1,1,1,1,1,1,1,1,1,1,1,1,1,1,1,1,1,30s,3,4
22,18,Femenino,Secundaria,Calificación accidente de trabajo,6,5,5,5,6,7,7,6,6,7,7,7,7,6,6,5,6,7,7,7,7,7,7,7,6,7,7,7,6,6,6,7,7,7,7,6,7,6,7,7,7,7,7,7,1,2,1,2,1,0,-1,0,0,0,0,0,0,0,1,1,1,0,0,0,0,0,10s,1,3
23,46,Masculino,Secundaria,Calificación accidente de trabajo,7,7,7,7,7,7,7,4,2,5,4,4,5,4,4,5,5,5,5,5,5,5,7,7,7,7,7,7,7,7,7,7,7,7,7,7,7,7,7,7,7,7,7,7,0,0,0,0,0,0,0,3,5,2,3,3,2,3,3,2,2,2,2,2,2,2,40s,4,3
24,24,Masculino,Preparatoria,Calificación accidente de trabajo,5,4,6,7,7,5,7,7,7,7,7,7,7,7,7,7,7,7,5,6,7,7,6,6,7,7,7,7,7,7,7,7,7,7,7,7,7,7,7,7,6,7,7,7,1,2,1,0,0,2,0,0,0,0,0,0,0,0,0,0,0,0,1,1,0,0,20s,2,4
25,18,Femenino,Secundaria,Calificación accidente de trabajo,7,5,6,7,7,7,7,7,7,7,7,7,7,7,7,7,7,7,7,7,7,7,7,7,7,7,7,7,7,7,7,7,7,7,7,7,7,7,7,7,7,7,7,7,0,2,1,0,0,0,0,0,0,0,0,0,0,0,0,0,0,0,0,0,0,0,10s,1,3
26,26,Masculino,Preparatoria,Calificación accidente de trabajo,7,7,7,7,7,7,7,7,7,6,6,6,6,7,7,7,7,7,7,7,7,7,7,1,7,7,7,7,1,1,1,7,6,7,7,7,7,7,7,7,7,7,7,3,0,-6,0,0,0,0,-6,-6,-6,1,0,1,1,0,0,0,0,0,0,0,0,-4,20s,2,4
27,41,Masculino,Preparatoria,Dictamen Incapacidad Permanente Parcial,5,7,6,6,5,7,6,7,6,5,6,6,5,5,5,5,6,6,7,6,7,7,7,5,7,7,7,7,7,7,7,6,6,7,7,7,7,7,7,7,7,7,7,7,2,-2,1,1,2,0,1,0,1,1,0,1,2,2,2,2,1,1,0,1,0,0,40s,4,4
28,32,Femenino,Secundaria,Calificación accidente de trabajo,6,5,6,7,5,6,7,6,6,7,7,7,7,6,7,6,5,6,7,7,6,7,7,6,6,6,6,6,6,6,6,6,6,6,6,6,6,6,6,6,6,6,6,6,1,1,0,-1,1,0,-1,0,0,-1,-1,-1,-1,0,-1,0,1,0,-1,-1,0,-1,30s,3,3
29,54,Masculino,Secundaria,Dictamen de Invalidez,5,5,5,5,5,5,5,5,5,5,5,5,5,5,5,5,5,5,5,5,5,5,7,5,5,6,6,5,6,6,6,6,6,6,7,7,7,7,7,7,7,7,7,7,2,0,0,1,1,0,1,1,1,1,1,1,2,2,2,2,2,2,2,2,2,2,50s,5,3
30,58,Masculino,Preparatoria,Dictamen de Invalidez,7,7,7,7,7,7,7,7,7,7,7,7,7,7,7,7,7,7,7,7,7,7,6,5,6,6,6,7,5,5,5,7,6,7,7,7,7,7,7,7,7,7,7,7,-1,-2,-1,-1,-1,0,-2,-2,-2,0,-1,0,0,0,0,0,0,0,0,0,0,0,50s,5,4
31,19,Femenino,Secundaria,Calificación accidente de trabajo,5,3,5,5,5,3,5,5,5,5,1,5,5,2,1,5,2,5,5,4,3,5,6,6,6,6,6,6,6,6,6,6,6,6,6,6,6,6,6,6,6,6,6,6,1,3,1,1,1,3,1,1,1,1,5,1,1,4,5,1,4,1,1,2,3,1,10s,1,3
32,22,Masculino,Secundaria,Calificación accidente de trabajo,3,4,4,6,3,4,6,6,4,7,6,7,6,7,7,6,6,7,7,6,2,1,6,6,6,6,6,6,6,6,6,6,6,6,6,6,6,6,6,6,6,6,6,6,3,2,2,0,3,2,0,0,2,-1,0,-1,0,-1,-1,0,0,-1,-1,0,4,5,20s,2,3
33,43,Masculino,Preparatoria,Dictamen Incapacidad Permanente Parcial,7,7,7,6,7,6,7,4,2,5,4,4,5,4,4,5,5,6,5,5,6,5,7,7,6,7,7,7,6,6,6,7,7,7,7,6,7,6,7,7,7,7,7,7,0,0,-1,1,0,1,-1,2,4,2,3,3,2,2,3,1,2,1,2,2,1,2,40s,4,4
34,33,Femenino,Secundaria,Calificación accidente de trabajo,6,5,6,7,5,6,7,6,6,7,7,7,7,6,7,6,5,6,7,7,6,7,7,7,7,7,7,7,7,7,7,7,7,7,7,7,7,7,7,7,7,7,7,7,1,2,1,0,2,1,0,1,1,0,0,0,0,1,0,1,2,1,0,0,1,0,30s,3,3
35,58,Masculino,Preparatoria,Dictamen de Invalidez,6,6,5,6,5,5,5,5,4,7,7,7,7,7,7,6,6,6,6,6,6,5,6,6,7,7,7,7,7,7,7,7,7,7,7,7,7,7,7,7,6,7,7,7,0,0,2,1,2,2,2,2,3,0,0,0,0,0,0,1,1,1,0,1,1,2,50s,5,4
36,20,Femenino,Secundaria,Calificación accidente de trabajo,7,7,7,7,7,7,7,7,7,7,7,7,7,7,7,7,7,7,7,7,7,7,7,7,7,7,7,7,7,7,7,6,5,6,6,7,6,6,7,7,7,7,5,7,0,0,0,0,0,0,0,0,0,-1,-2,-1,-1,0,-1,-1,0,0,0,0,-2,0,20s,2,3
37,29,Femenino,Secundaria,Calificación accidente de trabajo,7,7,7,7,7,7,7,7,7,7,6,6,6,6,7,7,7,7,7,7,7,7,6,6,6,6,6,6,6,6,6,6,6,6,6,6,6,6,6,6,6,6,6,6,-1,-1,-1,-1,-1,-1,-1,-1,-1,-1,0,0,0,0,-1,-1,-1,-1,-1,-1,-1,-1,20s,2,3
38,52,Masculino,Secundaria,Dictamen Incapacidad Permanente Parcial,7,7,7,7,7,7,7,7,7,7,7,7,7,7,7,7,7,7,7,7,7,7,7,7,7,7,7,7,7,7,7,7,7,7,7,7,7,7,7,7,7,7,7,7,0,0,0,0,0,0,0,0,0,0,0,0,0,0,0,0,0,0,0,0,0,0,50s,5,3
39,47,Masculino,Preparatoria,Calificación accidente de trabajo,5,7,6,6,5,7,6,7,6,5,6,6,5,5,5,5,6,6,7,6,7,7,6,6,7,7,7,7,7,7,7,7,7,7,7,7,7,7,7,7,6,7,7,7,1,-1,1,1,2,0,1,0,1,2,1,1,2,2,2,2,1,1,-1,1,0,0,40s,4,4
40,33,Masculino,Preparatoria,Calificación accidente de trabajo,6,5,6,7,5,6,7,6,6,7,7,7,7,6,7,6,5,6,7,7,6,7,7,7,7,7,7,7,7,7,7,7,7,7,7,7,7,7,7,7,7,7,7,7,1,2,1,0,2,1,0,1,1,0,0,0,0,1,0,1,2,1,0,0,1,0,30s,3,4
41,19,Femenino,Secundaria,Calificación accidente de trabajo,5,5,5,5,5,5,5,5,5,5,5,5,5,5,5,5,5,5,5,5,5,5,7,1,7,7,7,7,1,1,1,7,6,7,7,7,7,7,7,7,7,7,7,3,2,-4,2,2,2,2,-4,-4,-4,2,1,2,2,2,2,2,2,2,2,2,2,-2,10s,1,3
42,46,Femenino,Preparatoria,Calificación accidente de trabajo,7,7,7,7,7,7,7,7,7,7,7,7,7,7,7,7,7,7,7,7,7,7,6,5,6,6,6,7,5,5,5,7,6,7,7,7,7,7,7,7,7,7,7,7,-1,-2,-1,-1,-1,0,-2,-2,-2,0,-1,0,0,0,0,0,0,0,0,0,0,0,40s,4,4
43,32,Masculino,Licenciatura,Calificación accidente de trabajo,5,3,5,5,5,3,6,6,7,5,7,4,4,5,6,1,3,5,5,4,3,3,6,6,6,6,6,6,6,6,6,6,6,6,6,6,6,6,6,6,6,6,6,6,1,3,1,1,1,3,0,0,-1,1,-1,2,2,1,0,5,3,1,1,2,3,3,30s,3,5
44,59,Masculino,Primaria,Dictamen de Invalidez,5,4,4,6,4,5,6,6,6,6,7,7,7,6,7,7,6,6,7,7,7,7,7,5,6,7,7,6,6,6,6,7,7,7,7,7,7,7,7,7,5,6,7,7,2,1,2,1,3,1,0,0,0,1,0,0,0,1,0,0,1,1,-2,-1,0,0,50s,5,2
45,43,Femenino,Secundaria,Dictamen Incapacidad Permanente Parcial,4,3,5,6,4,4,3,3,3,7,7,6,6,5,6,5,5,6,4,4,3,3,6,5,5,7,7,6,5,5,5,7,6,7,7,7,7,7,7,7,6,6,7,6,2,2,0,1,3,2,2,2,2,0,-1,1,1,2,1,2,2,1,2,2,4,3,40s,4,3
46,29,Femenino,Licenciatura,Calificación accidente de trabajo,7,5,5,5,4,6,5,5,6,7,5,6,6,6,6,6,6,6,6,6,5,5,7,6,7,6,7,7,7,6,7,5,4,5,4,6,4,4,6,6,6,6,3,4,0,1,2,1,3,1,2,1,1,-2,-1,-1,-2,0,-2,-2,0,0,0,0,-2,-1,20s,2,5
47,20,Masculino,Secundaria,Calificación accidente de trabajo,7,6,5,6,5,5,4,4,4,7,5,5,6,5,5,5,5,6,6,6,4,4,6,6,5,6,6,5,6,6,6,7,6,6,6,5,6,7,6,7,6,6,5,5,-1,0,0,0,1,0,2,2,2,0,1,1,0,0,1,2,1,1,0,0,1,1,20s,2,3
48,27,Femenino,Secundaria,Calificación accidente de trabajo,7,7,7,7,7,7,7,7,7,7,7,7,7,7,7,7,7,7,7,7,7,7,7,7,7,7,7,7,7,7,7,7,7,7,7,7,7,7,7,7,7,7,7,7,0,0,0,0,0,0,0,0,0,0,0,0,0,0,0,0,0,0,0,0,0,0,20s,2,3
49,40,Masculino,Secundaria,Dictamen de Invalidez,5,5,7,7,5,5,5,5,4,6,6,6,6,6,6,6,6,6,6,6,6,6,6,6,6,6,6,6,6,6,6,6,6,6,6,6,6,6,6,6,6,6,6,6,1,1,-1,-1,1,1,1,1,2,0,0,0,0,0,0,0,0,0,0,0,0,0,40s,4,3
50,40,Femenino,Preparatoria,Dictamen Incapacidad Permanente Parcial,4,3,3,4,4,3,3,4,3,5,4,5,5,4,4,5,4,4,3,3,4,3,5,3,3,6,5,4,4,4,4,6,5,5,6,5,6,5,5,5,5,4,5,5,1,0,0,2,1,1,1,0,1,1,1,0,1,1,2,0,1,1,2,1,1,2,40s,4,4
51,38,Masculino,Secundaria,Calificación enfermedad de trabajo,5,5,5,5,5,5,5,5,5,6,6,6,5,6,6,6,5,6,6,5,5,5,6,6,5,6,6,5,5,5,5,6,5,6,6,5,5,5,6,6,5,5,6,6,1,1,0,1,1,0,0,0,0,0,-1,0,1,-1,-1,-1,1,0,-1,0,1,1,30s,3,3
52,24,Masculino,Secundaria,Calificación accidente de trabajo,6,5,5,6,6,7,5,4,4,7,6,6,7,7,7,6,6,6,7,7,7,7,6,6,6,7,7,5,4,4,4,7,7,7,6,7,7,7,7,7,6,7,6,6,0,1,1,1,1,-2,-1,0,0,0,1,1,-1,0,0,1,1,1,-1,0,-1,-1,20s,2,3
53,42,Femenino,Preparatoria,Dictamen beneficiario incapacitado,6,6,6,7,7,7,5,5,6,7,7,7,7,6,7,7,7,7,7,7,7,7,7,7,7,7,7,7,7,7,6,7,7,6,7,6,6,7,7,7,6,6,7,5,1,1,1,0,0,0,2,2,0,0,0,-1,0,0,-1,0,0,0,-1,-1,0,-2,40s,4,4
54,38,Masculino,Secundaria,Calificación accidente de trabajo,4,4,5,6,4,5,4,5,4,6,7,7,5,6,7,7,6,6,6,6,6,5,5,5,5,6,6,5,4,6,5,7,6,6,5,6,6,6,6,6,5,6,6,6,1,1,0,0,2,0,0,1,1,1,-1,-1,0,0,-1,-1,0,0,-1,0,0,1,30s,3,3
55,20,Femenino,Secundaria,Calificación accidente de trabajo,6,5,5,6,6,7,6,5,5,7,6,6,7,7,6,6,6,6,6,7,7,7,6,6,6,7,7,5,6,6,5,7,7,7,6,7,7,7,7,7,7,7,6,6,0,1,1,1,1,-2,0,1,0,0,1,1,-1,0,1,1,1,1,1,0,-1,-1,20s,2,3
56,32,Femenino,Preparatoria,Calificación enfermedad de trabajo,4,5,5,5,3,3,2,2,2,5,4,4,4,5,5,7,7,7,5,3,5,5,5,4,4,7,6,4,2,2,2,7,5,6,6,5,6,7,7,7,6,4,6,5,1,-1,-1,2,3,1,0,0,0,2,1,2,2,0,1,0,0,0,1,1,1,0,30s,3,4
57,51,Femenino,Secundaria,Dictamen Incapacidad Permanente Parcial,5,6,6,7,5,5,5,6,4,6,7,7,6,6,6,6,6,6,6,6,7,5,6,7,7,6,6,6,6,6,6,7,7,7,6,6,6,6,6,6,7,7,7,6,1,1,1,-1,1,1,1,0,2,1,0,0,0,0,0,0,0,0,1,1,0,1,50s,5,3
58,22,Femenino,Preparatoria,Calificación accidente de trabajo,4,4,5,6,5,5,3,6,5,6,4,5,6,5,5,6,6,5,6,6,7,5,6,5,5,7,6,6,6,6,6,7,6,6,6,5,6,6,6,6,6,6,6,5,2,1,0,1,1,1,3,0,1,1,2,1,0,0,1,0,0,1,0,0,-1,0,20s,2,4
59,19,Masculino,Secundaria,Calificación accidente de trabajo,5,7,7,7,7,5,6,6,7,7,4,5,6,6,7,7,6,6,6,6,6,6,6,5,7,7,7,6,5,7,5,7,6,5,6,6,6,7,7,7,6,7,7,5,1,-2,0,0,0,1,-1,1,-2,0,2,0,0,0,-1,0,1,1,0,1,1,-1,10s,1,3
60,44,Masculino,Primaria,Calificación accidente de trabajo,5,5,4,6,4,5,6,6,6,6,6,7,7,6,7,7,6,6,7,7,7,7,7,6,6,7,7,6,6,6,6,6,7,7,7,7,7,7,7,7,5,6,6,6,2,1,2,1,3,1,0,0,0,0,1,0,0,1,0,0,1,1,-2,-1,-1,-1,40s,4,2
61,58,Masculino,Primaria,Calificación enfermedad de trabajo,4,6,6,5,5,3,3,3,2,6,5,6,7,3,4,6,6,6,5,5,7,2,5,4,4,6,7,5,5,5,5,6,5,6,5,5,6,6,6,6,5,5,5,5,1,-2,-2,1,2,2,2,2,3,0,0,0,-2,2,2,0,0,0,0,0,-2,3,50s,5,2
62,20,Femenino,Secundaria,Calificación accidente de trabajo,7,6,5,6,5,5,5,4,4,7,5,5,6,5,5,5,6,6,6,6,5,5,7,7,5,6,6,5,6,6,6,7,6,6,6,5,6,7,6,7,7,6,6,5,0,1,0,0,1,0,1,2,2,0,1,1,0,0,1,2,0,1,1,0,1,0,20s,2,3
63,29,Femenino,Licenciatura,Calificación accidente de trabajo,6,6,7,7,7,6,6,5,5,5,5,5,6,6,7,7,6,6,6,6,5,5,6,6,7,7,7,5,5,7,5,6,6,6,6,6,6,7,6,7,6,7,7,6,0,0,0,0,0,-1,-1,2,0,1,1,1,0,0,-1,0,0,1,0,1,2,1,20s,2,5
64,28,Masculino,Preparatoria,Calificación enfermedad de trabajo,5,5,6,7,7,6,6,7,7,7,7,7,7,7,7,7,7,6,6,6,7,7,6,6,7,7,7,7,7,7,7,7,7,7,7,7,7,7,7,6,6,6,7,7,1,1,1,0,0,1,1,0,0,0,0,0,0,0,0,0,0,0,0,0,0,0,20s,2,4
65,57,Femenino,Secundaria,Dictamen Incapacidad Permanente Parcial,5,6,6,5,5,5,6,6,6,6,5,6,7,7,7,7,6,6,6,6,6,6,5,6,6,6,6,6,6,6,6,6,6,7,7,6,7,6,7,6,7,7,6,5,0,0,0,1,1,1,0,0,0,0,1,1,0,-1,0,-1,1,0,1,1,0,-1,50s,5,3
66,30,Femenino,Preparatoria,Calificación accidente de trabajo,6,5,5,5,5,6,5,6,6,7,5,5,6,6,6,6,6,6,6,5,5,5,7,7,7,6,7,7,7,6,7,5,4,5,4,6,4,4,6,6,6,6,4,4,1,2,2,1,2,1,2,0,1,-2,-1,0,-2,0,-2,-2,0,0,0,1,-1,-1,30s,3,4
67,42,Femenino,Preparatoria,Dictamen beneficiario incapacitado,6,7,7,6,6,6,5,5,5,7,7,7,7,5,5,7,7,7,5,5,6,5,6,5,4,7,6,5,5,5,5,7,7,7,7,7,6,6,6,6,5,5,5,5,0,-2,-3,1,0,-1,0,0,0,0,0,0,0,2,1,-1,-1,-1,0,0,-1,0,40s,4,4
68,45,Femenino,Secundaria,Dictamen beneficiario incapacitado,5,5,5,6,4,5,6,6,5,7,7,7,5,6,7,7,7,6,6,6,6,6,6,6,5,6,6,5,5,6,5,6,6,6,6,6,6,6,6,6,5,5,6,6,1,1,0,0,2,0,-1,0,0,-1,-1,-1,1,0,-1,-1,-1,0,-1,-1,0,0,40s,4,3
69,48,Femenino,Preparatoria,Dictamen Incapacidad Permanente Parcial,4,4,5,6,4,4,3,3,3,7,6,6,6,5,6,5,5,6,5,5,4,4,6,5,6,6,7,6,5,5,5,7,6,6,7,7,7,7,7,6,6,6,7,6,2,1,1,0,3,2,2,2,2,0,0,0,1,2,1,2,2,0,1,1,3,2,40s,4,4
70,38,Masculino,Licenciatura,Calificación accidente de trabajo,6,6,7,6,6,6,6,6,7,7,7,7,7,5,5,5,5,5,5,5,5,5,6,6,6,7,6,5,5,5,5,5,7,7,7,6,6,6,6,6,6,6,6,6,0,0,-1,1,0,-1,-1,-1,-2,-2,0,0,0,1,1,1,1,1,1,1,1,1,30s,3,5
71,22,Femenino,Secundaria,Calificación accidente de trabajo,5,4,5,5,4,3,3,4,4,5,4,5,5,5,4,5,4,4,4,4,5,5,5,5,5,6,5,5,4,4,4,6,6,6,6,5,6,5,5,6,5,6,5,5,0,1,0,1,1,2,1,0,0,1,2,1,1,0,2,0,1,2,1,2,0,0,20s,2,3
72,43,Femenino,Secundaria,Calificación accidente de trabajo,4,3,3,5,4,4,3,3,3,6,5,5,6,5,5,7,7,6,5,5,5,4,7,5,6,7,6,5,4,4,4,7,7,7,7,7,7,7,5,6,6,6,5,6,3,2,3,2,2,1,1,1,1,1,2,2,1,2,2,0,-2,0,1,1,0,2,40s,4,3
73,44,Masculino,Preparatoria,Dictamen de Invalidez,5,6,6,6,5,5,5,5,6,6,6,6,5,6,6,6,6,6,6,5,5,5,6,7,7,6,6,5,6,6,7,7,7,6,7,7,5,5,6,6,6,5,6,6,1,1,1,0,1,0,1,1,1,1,1,0,2,1,-1,-1,0,0,0,0,1,1,40s,4,4
74,19,Femenino,Preparatoria,Calificación accidente de trabajo,6,6,6,6,6,6,6,6,6,6,6,6,6,6,6,6,6,6,6,6,6,6,7,7,7,7,7,7,7,7,7,7,7,7,7,7,7,7,7,7,7,7,7,7,1,1,1,1,1,1,1,1,1,1,1,1,1,1,1,1,1,1,1,1,1,1,10s,1,4
75,31,Masculino,Secundaria,Calificación enfermedad de trabajo,6,6,6,7,7,7,5,5,6,6,6,7,7,6,7,7,7,7,7,7,6,6,6,6,7,7,7,7,7,7,6,7,7,6,7,6,6,7,7,7,6,6,6,6,0,0,1,0,0,0,2,2,0,1,1,-1,0,0,-1,0,0,0,-1,-1,0,0,30s,3,3
76,25,Femenino,Licenciatura,Calificación accidente de trabajo,6,5,6,6,7,7,5,5,4,7,7,7,7,7,7,7,7,7,6,6,6,6,6,5,7,7,7,7,7,7,7,7,7,7,7,7,7,7,7,7,7,7,6,6,0,0,1,1,0,0,2,2,3,0,0,0,0,0,0,0,0,0,1,1,0,0,20s,2,5
77,49,Femenino,Secundaria,Dictamen de Invalidez,5,5,5,6,6,6,4,6,6,6,4,4,5,5,5,5,5,5,6,6,5,5,6,6,5,7,6,6,6,6,6,6,6,6,6,5,7,7,7,7,6,6,5,5,1,1,0,1,0,0,2,0,0,0,2,2,1,0,2,2,2,2,0,0,0,0,40s,4,3
78,50,Masculino,Secundaria,Calificación enfermedad de trabajo,6,4,5,6,4,4,3,3,3,6,5,6,6,6,5,5,5,5,5,5,3,3,6,6,4,7,7,6,6,6,6,7,7,6,7,6,7,7,6,7,6,7,7,6,0,2,-1,1,3,2,3,3,3,1,2,0,1,0,2,2,1,2,1,2,4,3,50s,5,3
79,40,Femenino,Preparatoria,Calificación accidente de trabajo,4,4,4,4,4,4,4,4,4,4,4,4,4,4,4,4,4,4,4,4,4,4,7,5,5,7,7,6,7,7,7,7,7,7,7,7,7,7,7,7,7,7,7,5,3,1,1,3,3,2,3,3,3,3,3,3,3,3,3,3,3,3,3,3,3,1,40s,4,4
80,33,Masculino,Licenciatura,Calificación accidente de trabajo,4,4,3,5,5,5,4,3,4,6,5,5,5,5,5,6,6,6,5,5,5,5,7,6,6,7,6,6,6,5,4,4,7,7,6,6,6,7,5,6,6,6,5,6,3,2,3,2,1,1,2,2,0,-2,2,2,1,1,1,1,-1,0,1,1,0,1,30s,3,5
81,35,Masculino,Secundaria,Calificación accidente de trabajo,5,5,4,5,5,4,5,5,5,6,6,5,6,6,6,6,6,6,6,6,6,6,7,7,7,7,7,7,7,7,7,7,7,7,7,7,7,7,7,7,7,7,7,7,2,2,3,2,2,3,2,2,2,1,1,2,1,1,1,1,1,1,1,1,1,1,30s,3,3
82,38,Femenino,Secundaria,Dictamen beneficiario incapacitado,7,7,7,6,6,6,6,7,7,6,6,6,6,7,6,6,7,6,7,7,7,6,7,7,7,7,7,7,7,7,7,7,7,7,7,7,7,7,7,7,7,7,7,7,0,0,0,1,1,1,1,0,0,1,1,1,1,0,1,1,0,1,0,0,0,1,30s,3,3
83,54,Masculino,Secundaria,Dictamen de Invalidez,3,4,4,4,3,3,3,3,2,3,4,3,3,3,3,3,4,4,4,3,2,2,5,5,4,6,5,5,5,5,5,7,5,6,6,5,6,6,6,5,4,6,3,5,2,1,0,2,2,2,2,2,3,4,1,3,3,2,3,3,2,1,0,3,1,3,50s,5,3
84,44,Masculino,Preparatoria,Calificación enfermedad de trabajo,6,6,6,6,7,7,5,5,5,5,7,7,7,7,7,7,6,6,6,6,6,6,6,6,7,7,7,7,7,7,7,7,7,7,7,6,6,6,7,7,7,6,6,6,0,0,1,1,0,0,2,2,2,2,0,0,0,-1,-1,-1,1,1,1,0,0,0,40s,4,4
85,21,Femenino,Preparatoria,Calificación accidente de trabajo,5,5,4,7,6,4,3,3,3,7,7,7,7,7,7,7,7,7,7,7,6,5,7,6,6,7,6,7,5,5,5,7,7,7,6,7,6,7,7,7,7,7,6,6,2,1,2,0,0,3,2,2,2,0,0,0,-1,0,-1,0,0,0,0,0,0,1,20s,2,4
86,47,Masculino,Secundaria,Dictamen de Invalidez,6,5,5,5,4,4,4,6,6,6,6,6,6,6,5,5,5,5,5,7,7,7,6,6,5,7,7,7,6,6,6,7,7,7,7,7,7,7,7,6,6,6,7,6,0,1,0,2,3,3,2,0,0,1,1,1,1,1,2,2,2,1,1,-1,0,-1,40s,4,3
87,55,Masculino,Licenciatura,Dictamen de Invalidez,7,7,7,7,7,7,7,7,7,7,7,7,7,7,7,7,7,7,7,7,6,6,1,3,7,2,7,7,2,2,2,2,1,5,5,6,1,2,2,2,7,7,5,5,-6,-4,0,-5,0,0,-5,-5,-5,-5,-6,-2,-2,-1,-6,-5,-5,-5,0,0,-1,-1,50s,5,5
88,28,Masculino,Primaria,Calificación accidente de trabajo,5,6,7,6,7,5,7,7,7,6,7,7,7,7,7,7,6,7,7,7,7,7,6,7,7,6,7,7,7,7,7,6,7,7,6,7,7,7,7,7,7,7,7,7,1,1,0,0,0,2,0,0,0,0,0,0,-1,0,0,0,1,0,0,0,0,0,20s,2,2
89,20,Femenino,Secundaria,Calificación accidente de trabajo,6,6,6,5,6,5,5,6,6,6,6,6,6,6,5,5,5,5,5,6,6,6,6,6,6,7,7,7,6,6,6,7,7,6,6,7,7,7,7,6,6,7,7,6,0,0,0,2,1,2,1,0,0,1,1,0,0,1,2,2,2,1,1,1,1,0,20s,2,3
90,23,Masculino,Licenciatura,Calificación accidente de trabajo,7,7,7,7,7,7,7,7,7,7,7,7,7,7,7,7,7,7,7,7,7,7,7,7,7,7,7,7,7,4,7,7,7,7,7,7,7,7,7,7,7,7,7,7,0,0,0,0,0,0,0,-3,0,0,0,0,0,0,0,0,0,0,0,0,0,0,20s,2,5
91,60,Masculino,Secundaria,Calificación enfermedad de trabajo,5,5,6,6,5,6,6,5,5,6,6,5,6,6,7,7,7,7,7,6,6,6,7,7,7,7,7,7,7,7,7,7,7,7,7,7,7,7,7,7,7,7,7,7,2,2,1,1,2,1,1,2,2,1,1,2,1,1,0,0,0,0,0,1,1,1,60s,6,3
92,24,Femenino,Secundaria,Calificación accidente de trabajo,7,6,5,7,7,7,7,7,7,7,5,7,7,7,6,7,7,7,3,5,7,7,6,6,5,6,6,5,6,5,6,6,6,7,7,6,7,6,7,7,6,6,6,6,-1,0,0,-1,-1,-2,-1,-2,-1,-1,1,0,0,-1,1,-1,0,0,3,1,-1,-1,20s,2,3
93,55,Masculino,Preparatoria,Dictamen Incapacidad Permanente Parcial,4,4,4,4,4,4,4,4,4,4,4,4,4,4,4,4,4,4,4,4,4,4,7,5,5,7,7,6,7,7,7,7,7,7,7,7,7,7,7,7,7,7,7,5,3,1,1,3,3,2,3,3,3,3,3,3,3,3,3,3,3,3,3,3,3,1,50s,5,4
94,31,Masculino,Preparatoria,Calificación accidente de trabajo,5,7,7,7,7,6,7,7,7,7,7,7,7,6,7,7,7,6,6,6,6,3,7,6,7,7,6,6,6,7,7,6,7,7,6,7,6,7,7,6,7,7,7,7,2,-1,0,0,-1,0,-1,0,0,-1,0,0,-1,1,-1,0,0,0,1,1,1,4,30s,3,4
95,45,Femenino,Secundaria,Calificación enfermedad de trabajo,6,6,6,4,6,5,5,5,4,4,5,5,5,5,5,6,6,6,6,7,7,7,6,6,6,6,6,6,5,5,5,7,6,6,6,6,6,6,6,6,7,7,7,7,0,0,0,2,0,1,0,0,1,3,1,1,1,1,1,0,0,0,1,0,0,0,40s,4,3
96,28,Femenino,Secundaria,Calificación accidente de trabajo,7,7,7,7,7,7,5,7,7,7,7,7,7,7,7,7,7,7,7,7,7,7,7,3,7,3,7,7,7,7,7,7,7,7,7,7,7,7,7,7,7,7,7,7,0,-4,0,-4,0,0,2,0,0,0,0,0,0,0,0,0,0,0,0,0,0,0,20s,2,3
97,18,Femenino,Secundaria,Calificación accidente de trabajo,5,5,5,6,6,6,4,4,4,6,6,6,6,7,7,7,7,7,6,6,6,6,7,6,6,7,6,7,6,6,6,6,7,7,6,6,6,7,7,7,7,6,6,6,2,1,1,1,0,1,2,2,2,0,1,1,0,-1,-1,0,0,0,1,0,0,0,10s,1,3
98,28,Masculino,Preparatoria,Calificación accidente de trabajo,7,5,7,7,7,7,7,7,7,7,7,7,7,7,7,7,7,7,5,7,7,7,7,7,7,7,7,7,7,7,4,7,3,4,5,5,3,5,5,5,7,6,7,7,0,2,0,0,0,0,0,0,-3,0,-4,-3,-2,-2,-4,-2,-2,-2,2,-1,0,0,20s,2,4
99,57,Femenino,Primaria,Dictamen Incapacidad Permanente Parcial,7,7,7,7,7,7,7,7,7,7,7,7,7,7,7,7,7,7,7,7,6,6,3,3,7,2,2,2,7,7,7,2,3,3,2,2,2,2,2,2,6,6,7,7,-4,-4,0,-5,-5,-5,0,0,0,-5,-4,-4,-5,-5,-5,-5,-5,-5,-1,-1,1,1,50s,5,2
100,38,Femenino,Preparatoria,Calificación accidente de trabajo,5,6,6,6,6,7,7,7,6,6,6,6,7,6,7,6,6,6,6,6,6,7,7,7,7,7,7,7,7,7,7,7,7,7,7,7,7,7,7,7,6,6,6,7,2,1,1,1,1,0,0,0,1,1,1,1,0,1,0,1,1,1,0,0,0,0,30s,3,4
101,31,Masculino,Secundaria,Calificación accidente de trabajo,4,4,4,3,3,4,4,3,2,2,4,2,4,4,4,4,5,5,5,5,5,5,6,6,7,6,7,7,7,6,6,6,6,7,6,7,7,7,7,6,7,7,6,6,2,2,3,3,4,3,3,3,4,4,2,5,2,3,3,3,2,1,2,2,1,1,30s,3,3
102,38,Femenino,Primaria,Calificación accidente de trabajo,3,3,5,3,3,3,3,3,2,5,2,2,3,3,2,5,5,5,2,2,4,5,4,5,5,6,6,4,2,2,2,7,3,4,6,5,7,7,6,6,2,6,5,7,1,2,0,3,3,1,-1,-1,0,2,1,2,3,2,5,2,1,1,0,4,1,2,30s,3,2
103,27,Masculino,Secundaria,Calificación accidente de trabajo,7,7,6,7,7,5,6,6,5,7,7,7,7,7,6,7,6,7,7,5,6,7,7,6,7,7,7,5,7,7,7,7,7,7,7,7,7,6,6,7,7,7,7,7,0,-1,1,0,0,0,1,1,2,0,0,0,0,0,1,-1,0,0,0,2,1,0,20s,2,3
104,35,Femenino,Secundaria,Calificación accidente de trabajo,7,7,7,7,7,7,7,7,7,7,7,7,7,7,7,7,7,7,7,7,7,7,7,7,7,7,7,7,7,7,7,7,7,7,7,7,7,7,7,7,7,7,7,7,0,0,0,0,0,0,0,0,0,0,0,0,0,0,0,0,0,0,0,0,0,0,30s,3,3
105,34,Femenino,Primaria,Calificación accidente de trabajo,7,7,7,7,7,7,5,7,5,7,7,7,7,7,7,7,7,7,7,7,7,6,7,6,7,6,7,7,7,6,6,7,5,5,7,6,7,7,6,6,5,7,7,7,0,-1,0,-1,0,0,2,-1,1,0,-2,-2,0,-1,0,0,-1,-1,-2,0,0,1,30s,3,2
106,38,Femenino,Preparatoria,Dictamen beneficiario incapacitado,7,7,6,6,6,5,6,6,5,5,7,7,7,7,5,6,6,7,7,5,5,5,6,6,7,7,7,5,7,7,7,7,7,7,7,7,7,6,6,7,7,7,6,6,-1,-1,1,1,1,0,1,1,2,2,0,0,0,0,2,0,0,0,0,2,1,1,30s,3,4
107,40,Masculino,Preparatoria,Calificación accidente de trabajo,7,7,7,7,7,7,7,7,7,7,7,7,7,7,7,7,7,7,7,7,7,7,7,6,7,7,7,7,7,7,6,7,7,7,7,7,7,7,7,7,7,7,7,6,0,-1,0,0,0,0,0,0,-1,0,0,0,0,0,0,0,0,0,0,0,0,-1,40s,4,4
108,21,Femenino,Licenciatura,Calificación accidente de trabajo,7,7,7,7,7,7,7,7,7,7,7,7,7,7,7,7,7,7,7,7,7,7,7,7,7,7,7,7,7,7,7,7,7,7,7,7,7,7,7,7,7,7,7,7,0,0,0,0,0,0,0,0,0,0,0,0,0,0,0,0,0,0,0,0,0,0,20s,2,5
109,44,Masculino,Primaria,Calificación accidente de trabajo,7,6,6,7,6,7,6,6,7,7,7,7,7,6,2,5,3,7,6,6,6,7,7,6,6,6,7,7,7,4,7,7,3,3,1,7,4,6,5,6,7,7,6,6,0,0,0,-1,1,0,1,-2,0,0,-4,-4,-6,1,2,1,2,-1,1,1,0,-1,40s,4,2
110,19,Masculino,Secundaria,Calificación accidente de trabajo,7,5,5,7,7,7,7,7,7,7,5,5,5,7,5,7,7,4,4,5,5,5,6,6,5,5,5,5,6,5,6,6,6,7,7,6,7,6,7,7,6,6,7,7,-1,1,0,-2,-2,-2,-1,-2,-1,-1,1,2,2,-1,2,-1,0,3,2,1,2,2,10s,1,3
111,20,Femenino,Preparatoria,Calificación accidente de trabajo,7,7,7,7,7,7,6,5,7,7,7,7,7,7,7,7,7,7,7,7,6,6,7,5,7,7,7,6,6,7,6,7,7,7,7,7,7,7,7,7,7,7,7,5,0,-2,0,0,0,-1,0,2,-1,0,0,0,0,0,0,0,0,0,0,0,1,-1,20s,2,4
112,54,Femenino,Preparatoria,Dictamen Incapacidad Permanente Parcial,6,6,7,7,7,6,7,7,3,4,7,5,5,5,5,7,7,6,6,4,4,3,7,6,7,7,6,6,6,7,6,6,7,6,6,6,6,7,7,6,7,6,6,6,1,0,0,0,-1,0,-1,0,3,2,0,1,1,1,1,0,0,0,1,2,2,3,50s,5,4
113,24,Masculino,Secundaria,Dictamen de Invalidez,6,7,7,7,6,7,6,6,6,7,6,6,6,6,6,6,6,6,6,6,6,6,7,7,7,7,7,7,7,7,7,7,7,7,7,7,7,7,7,7,7,7,7,6,1,0,0,0,1,0,1,1,1,0,1,1,1,1,1,1,1,1,1,1,1,0,20s,2,3
114,29,Masculino,Licenciatura,Calificación accidente de trabajo,7,7,7,7,5,5,5,7,7,7,7,7,7,7,7,7,7,7,7,5,5,5,7,6,6,6,6,6,7,7,7,7,7,7,7,7,7,7,7,7,7,7,6,6,0,-1,-1,-1,1,1,2,0,0,0,0,0,0,0,0,0,0,0,0,2,1,1,20s,2,5
115,27,Femenino,Primaria,Calificación accidente de trabajo,6,7,7,7,7,6,7,7,7,7,7,6,7,7,7,7,7,7,7,7,7,7,6,5,5,6,6,7,6,6,6,7,7,6,6,6,7,7,7,7,7,6,6,6,0,-2,-2,-1,-1,1,-1,-1,-1,0,0,0,-1,-1,0,0,0,0,0,-1,-1,-1,20s,2,2
116,41,Femenino,Secundaria,Dictamen Incapacidad Permanente Parcial,6,6,7,7,4,4,7,7,7,5,5,7,7,4,4,7,5,5,5,4,4,4,7,5,5,5,7,6,6,7,4,4,4,4,5,5,3,5,5,5,7,6,5,5,1,-1,-2,-2,3,2,-1,0,-3,-1,-1,-3,-2,1,-1,-2,0,0,2,2,1,1,40s,4,3
117,28,Masculino,Licenciatura,Calificación accidente de trabajo,4,3,3,5,5,6,5,4,5,5,6,5,6,6,6,7,7,7,7,5,5,5,5,5,5,6,5,6,6,6,6,7,7,7,7,6,6,7,7,7,7,6,7,7,1,2,2,1,0,0,1,2,1,2,1,2,1,0,0,0,0,0,0,1,2,2,20s,2,5
118,24,Masculino,Preparatoria,Calificación enfermedad de trabajo,7,5,5,5,6,7,7,7,6,6,5,5,5,5,7,6,6,6,5,5,6,6,7,7,7,7,7,7,7,7,7,7,7,7,7,7,7,7,7,7,7,7,7,7,0,2,2,2,1,0,0,0,1,1,2,2,2,2,0,1,1,1,2,2,1,1,20s,2,4
119,33,Femenino,Secundaria,Calificación accidente de trabajo,7,7,7,7,6,6,6,6,7,7,6,5,6,6,7,7,6,6,7,7,6,6,6,6,6,7,7,6,7,7,7,7,6,5,5,5,6,7,7,7,6,7,6,6,-1,-1,-1,0,1,0,1,1,0,0,0,0,-1,-1,-1,0,1,1,-1,0,0,0,30s,3,3
120,39,Masculino,Secundaria,Calificación enfermedad de trabajo,5,5,5,5,5,5,5,5,5,5,5,5,5,5,5,5,5,5,5,5,5,5,6,6,5,6,6,4,6,6,6,5,5,5,4,3,6,3,3,6,6,6,5,5,1,1,0,1,1,-1,1,1,1,0,0,0,-1,-2,1,-2,-2,1,1,1,0,0,30s,3,3
121,31,Femenino,Preparatoria,Dictamen Incapacidad Permanente Parcial,5,4,5,5,5,5,4,4,3,6,6,6,7,5,6,7,7,6,6,7,6,5,6,5,5,7,6,5,4,6,5,7,6,6,6,5,6,7,7,7,6,7,6,6,1,1,0,2,1,0,0,2,2,1,0,0,-1,0,0,0,0,1,0,0,0,1,30s,3,4
122,40,Femenino,Preparatoria,Dictamen beneficiario incapacitado,7,7,7,7,7,7,7,7,7,7,7,7,7,7,7,7,7,7,7,7,7,7,7,7,7,7,7,7,7,7,7,7,7,7,7,7,7,7,7,7,7,7,7,7,0,0,0,0,0,0,0,0,0,0,0,0,0,0,0,0,0,0,0,0,0,0,40s,4,4
123,56,Femenino,Maestría,Calificación accidente de trabajo,7,6,6,7,6,6,5,6,7,7,6,7,7,6,6,7,7,7,7,6,7,6,7,7,7,6,7,6,6,6,6,7,7,7,7,6,7,7,7,7,6,7,6,6,0,1,1,-1,1,0,1,0,-1,0,1,0,0,0,1,0,0,0,-1,1,-1,0,50s,5,6
124,36,Masculino,Licenciatura,Calificación enfermedad de trabajo,7,7,7,7,7,7,5,5,5,7,6,6,7,7,6,7,6,7,6,7,6,7,7,7,7,6,7,7,7,7,7,7,6,6,6,6,7,7,6,6,7,7,7,7,0,0,0,-1,0,0,2,2,2,0,0,0,-1,-1,1,0,0,-1,1,0,1,0,30s,3,5
125,32,Masculino,Licenciatura,Dictamen Incapacidad Permanente Parcial,6,6,7,7,7,7,7,7,7,7,7,7,7,7,7,7,7,7,7,7,7,7,7,6,6,7,6,6,7,5,5,7,6,7,7,6,7,7,7,7,6,6,6,6,1,0,-1,0,-1,-1,0,-2,-2,0,-1,0,0,-1,0,0,0,0,-1,-1,-1,-1,30s,3,5
126,22,Masculino,Secundaria,Dictamen Incapacidad Permanente Parcial,7,7,7,7,7,5,5,7,7,7,6,6,7,7,7,7,7,7,5,5,7,6,7,6,7,7,7,7,7,7,6,6,7,7,6,7,6,7,7,7,7,7,7,6,0,-1,0,0,0,2,2,0,-1,-1,1,1,-1,0,-1,0,0,0,2,2,0,0,20s,2,3
127,44,Femenino,Preparatoria,Dictamen Incapacidad Permanente Parcial,6,6,6,6,5,5,5,5,6,6,7,7,7,7,7,6,6,6,6,6,6,6,5,5,5,4,6,6,5,5,6,5,5,5,5,5,5,6,6,5,5,5,6,6,-1,-1,-1,-2,1,1,0,0,0,-1,-2,-2,-2,-2,-2,0,0,-1,-1,-1,0,0,40s,4,4
128,35,Femenino,Preparatoria,Calificación accidente de trabajo,7,6,6,7,6,6,6,6,6,7,7,6,7,6,2,5,5,5,6,6,6,7,7,2,3,6,7,7,7,4,7,7,3,3,3,7,4,6,5,6,6,6,6,6,0,-4,-3,-1,1,1,1,-2,1,0,-4,-3,-4,1,2,1,0,1,0,0,0,-1,30s,3,4
129,51,Femenino,Preparatoria,Dictamen de Invalidez,6,7,6,6,6,6,6,5,5,6,6,6,7,7,7,7,7,7,5,6,6,6,6,5,5,6,6,6,6,6,6,7,7,6,6,6,7,7,7,7,6,6,6,6,0,-2,-1,0,0,0,0,1,1,1,1,0,-1,-1,0,0,0,0,1,0,0,0,50s,5,4
130,59,Femenino,Secundaria,Dictamen de Invalidez,7,7,7,5,5,7,5,5,7,7,7,7,7,7,5,5,5,7,7,7,7,7,6,5,5,7,7,6,6,6,6,7,7,7,6,6,6,7,7,7,7,7,5,5,-1,-2,-2,2,2,-1,1,1,-1,0,0,0,-1,-1,1,2,2,0,0,0,-2,-2,50s,5,3
131,52,Masculino,Preparatoria,Dictamen Incapacidad Permanente Parcial,5,5,5,5,4,5,5,5,5,5,5,6,6,6,6,6,6,6,6,6,6,6,5,5,5,5,5,5,5,5,4,4,4,5,5,4,5,4,4,5,4,4,5,5,0,0,0,0,1,0,0,0,-1,-1,-1,-1,-1,-2,-1,-2,-2,-1,-2,-2,-1,-1,50s,5,4
132,31,Masculino,Licenciatura,Calificación accidente de trabajo,7,7,7,7,6,6,6,6,6,7,7,7,7,6,6,6,6,6,6,6,6,6,6,6,7,7,7,6,6,7,7,7,7,6,7,7,6,7,7,6,7,7,7,6,-1,-1,0,0,1,0,0,1,1,0,0,-1,0,1,0,1,1,0,1,1,1,0,30s,3,5
133,50,Femenino,Secundaria,Calificación enfermedad de trabajo,7,7,7,7,6,7,7,7,7,7,7,7,7,7,7,6,6,6,7,7,6,6,6,5,5,7,6,5,6,6,6,7,6,6,6,7,7,7,7,7,5,6,6,6,-1,-2,-2,0,0,-2,-1,-1,-1,0,-1,-1,-1,0,0,1,1,1,-2,-1,0,0,50s,5,3
134,51,Femenino,Secundaria,Dictamen de Invalidez,7,7,7,7,7,6,7,7,7,7,7,6,7,7,7,7,7,7,7,7,7,7,6,4,5,7,6,6,6,6,6,7,7,6,6,6,7,6,6,7,7,7,6,5,-1,-3,-2,0,-1,0,-1,-1,-1,0,0,0,-1,-1,0,-1,-1,0,0,0,-1,-2,50s,5,3
135,48,Masculino,Secundaria,Calificación enfermedad de trabajo,7,7,7,5,6,6,5,5,5,6,6,7,7,7,7,7,7,7,5,6,7,5,7,6,6,5,5,6,4,4,5,7,6,6,6,6,7,6,6,7,5,5,5,5,0,-1,-1,0,-1,0,-1,-1,0,1,0,-1,-1,-1,0,-1,-1,0,0,-1,-2,0,40s,4,3
136,19,Femenino,Secundaria,Calificación accidente de trabajo,6,5,5,5,5,6,6,6,6,6,6,6,6,6,6,7,7,7,7,7,6,6,6,6,6,6,6,6,6,6,6,7,7,7,7,6,6,7,7,7,7,6,7,7,0,1,1,1,1,0,0,0,0,1,1,1,1,0,0,0,0,0,0,-1,1,1,10s,1,3
137,18,Femenino,Secundaria,Calificación accidente de trabajo,7,7,7,7,7,7,7,7,7,7,7,7,7,7,7,7,7,7,7,7,7,7,7,7,7,7,7,7,7,7,7,7,7,7,7,7,7,7,7,7,7,7,7,7,0,0,0,0,0,0,0,0,0,0,0,0,0,0,0,0,0,0,0,0,0,0,10s,1,3
138,33,Masculino,Preparatoria,Calificación enfermedad de trabajo,5,5,6,6,5,5,6,6,5,6,6,6,7,7,7,7,7,6,6,7,6,7,5,5,5,6,6,5,4,6,5,5,6,6,6,5,6,6,6,6,6,6,6,6,0,0,-1,0,1,0,-2,0,0,-1,0,0,-1,-2,-1,-1,-1,0,0,-1,0,-1,30s,3,4
139,50,Femenino,Preparatoria,Dictamen de Invalidez,6,6,6,6,6,6,6,6,6,6,6,7,6,6,7,7,6,6,5,5,5,6,6,7,7,6,6,6,6,6,7,6,5,5,6,6,6,5,7,6,5,6,5,5,0,1,1,0,0,0,0,0,1,0,-1,-2,0,0,-1,-2,1,0,0,1,0,-1,50s,5,4
140,22,Femenino,Preparatoria,Calificación accidente de trabajo,6,7,7,6,6,7,7,7,6,6,6,7,7,6,6,6,6,7,7,7,7,6,7,4,5,7,7,6,6,6,5,5,5,5,5,6,6,6,6,7,7,7,7,7,1,-3,-2,1,1,-1,-1,-1,-1,-1,-1,-2,-2,0,0,0,0,0,0,0,0,1,20s,2,4
141,39,Femenino,Licenciatura,Calificación accidente de trabajo,6,6,6,6,6,4,4,4,4,7,7,6,6,6,7,7,7,7,6,6,6,7,5,4,5,4,5,4,3,3,2,4,3,4,4,4,3,5,5,3,4,5,4,2,-1,-2,-1,-2,-1,0,-1,-1,-2,-3,-4,-2,-2,-2,-4,-2,-2,-4,-2,-1,-2,-5,30s,3,5
142,48,Masculino,Secundaria,Calificación enfermedad de trabajo,7,6,6,7,6,7,6,6,7,7,7,7,7,6,2,5,3,7,6,6,6,7,7,5,5,6,5,5,7,6,7,7,3,3,5,3,4,6,5,6,6,6,5,5,0,-1,-1,-1,-1,-2,1,0,0,0,-4,-4,-2,-3,2,1,2,-1,0,0,-1,-2,40s,4,3
143,20,Masculino,Primaria,Calificación accidente de trabajo,6,5,6,6,5,6,5,5,5,6,7,6,6,7,7,7,7,7,6,7,6,7,6,6,6,7,7,7,7,6,6,7,7,6,6,7,7,7,7,7,6,7,6,6,0,1,0,1,2,1,2,1,1,1,0,0,0,0,0,0,0,0,0,0,0,-1,20s,2,2
144,19,Femenino,Secundaria,Calificación accidente de trabajo,7,7,7,7,7,7,7,7,7,7,7,7,7,7,7,7,7,7,7,7,7,7,5,5,6,6,6,6,6,7,6,7,7,7,7,6,6,6,7,7,7,7,5,5,-2,-2,-1,-1,-1,-1,-1,0,-1,0,0,0,0,-1,-1,-1,0,0,0,0,-2,-2,10s,1,3
145,19,Femenino,Secundaria,Calificación accidente de trabajo,6,6,6,6,6,6,6,6,6,7,7,6,7,7,7,6,6,6,6,6,6,5,7,6,6,7,7,6,6,6,6,7,7,7,6,7,7,7,7,6,6,7,7,7,1,0,0,1,1,0,0,0,0,0,0,1,-1,0,0,1,1,0,0,1,1,2,10s,1,3
146,22,Femenino,Preparatoria,Calificación accidente de trabajo,6,7,7,7,6,7,6,6,6,7,6,6,6,6,6,6,6,6,6,6,6,6,7,7,7,7,7,7,7,7,7,7,7,7,7,7,7,7,7,7,7,7,7,6,1,0,0,0,1,0,1,1,1,0,1,1,1,1,1,1,1,1,1,1,1,0,20s,2,4
147,38,Masculino,Preparatoria,Dictamen de Invalidez,4,4,4,5,5,4,5,4,4,4,4,4,4,4,5,5,5,5,6,5,5,5,6,6,5,7,5,6,6,6,6,7,6,6,6,5,6,5,5,5,5,6,6,6,2,2,1,2,0,2,1,2,2,3,2,2,2,1,1,0,0,0,-1,1,1,1,30s,3,4
148,37,Masculino,Licenciatura,Calificación enfermedad de trabajo,7,7,7,7,7,7,6,6,6,7,7,7,7,7,7,7,7,7,7,7,6,6,5,3,3,7,5,5,5,5,6,7,7,6,6,6,7,7,7,7,7,6,6,6,-2,-4,-4,0,-2,-2,-1,-1,0,0,0,-1,-1,-1,0,0,0,0,0,-1,0,0,30s,3,5
149,45,Masculino,Licenciatura,Dictamen beneficiario incapacitado,6,7,7,7,6,6,7,6,6,6,6,7,7,7,7,6,6,6,6,7,6,6,5,3,3,1,5,4,2,2,1,3,4,4,4,3,3,4,3,3,1,3,4,2,-1,-4,-4,-6,-1,-2,-5,-4,-5,-3,-2,-3,-3,-4,-4,-2,-3,-3,-5,-4,-2,-4,40s,4,5
150,42,Masculino,Preparatoria,Dictamen Incapacidad Permanente Parcial,4,4,4,6,6,6,6,5,5,5,6,6,6,6,6,7,7,7,7,5,5,5,6,6,6,6,5,6,6,6,6,6,7,7,6,6,6,7,7,7,7,6,7,6,2,2,2,0,-1,0,0,1,1,1,1,1,0,0,0,0,0,0,0,1,2,1,40s,4,4
151,27,Masculino,Secundaria,Calificación accidente de trabajo,6,6,6,6,7,7,6,6,5,6,7,7,6,6,7,7,7,7,6,6,6,6,5,5,5,6,5,5,5,5,4,5,5,6,5,5,5,5,4,5,5,4,6,5,-1,-1,-1,0,-2,-2,-1,-1,-1,-1,-2,-1,-1,-1,-2,-2,-3,-2,-1,-2,0,-1,20s,2,3
152,51,Femenino,Primaria,Calificación accidente de trabajo,7,7,7,7,7,7,6,6,7,7,5,6,6,6,7,7,6,6,6,6,7,7,6,6,7,7,7,6,5,7,6,7,5,7,6,6,6,7,6,6,6,7,5,5,-1,-1,0,0,0,-1,-1,1,-1,0,0,1,0,0,-1,0,0,0,0,1,-2,-2,50s,5,2
153,52,Femenino,Preparatoria,Dictamen beneficiario incapacitado,6,6,7,7,7,6,6,6,6,7,7,7,7,6,6,6,6,6,7,7,7,7,7,6,6,7,6,6,6,6,6,7,7,7,7,7,7,7,7,6,6,6,6,6,1,0,-1,0,-1,0,0,0,0,0,0,0,0,1,1,1,1,0,-1,-1,-1,-1,50s,5,4
154,49,Femenino,Secundaria,Dictamen de Invalidez,6,6,5,5,6,6,7,7,6,6,6,6,6,5,5,5,7,7,7,7,6,6,6,6,6,6,6,6,6,6,6,6,6,6,6,6,6,6,6,6,6,6,6,6,0,0,1,1,0,0,-1,-1,0,0,0,0,0,1,1,1,-1,-1,-1,-1,0,0,40s,4,3
155,42,Masculino,Preparatoria,Calificación accidente de trabajo,7,7,7,7,7,6,6,6,6,7,7,6,6,6,7,7,7,6,7,7,7,7,6,6,6,6,6,7,6,5,5,5,6,6,5,6,6,5,5,5,5,6,5,2,-1,-1,-1,-1,-1,1,0,-1,-1,-2,-1,0,-1,0,-1,-2,-2,-1,-2,-1,-2,-5,40s,4,4
156,37,Femenino,Preparatoria,Dictamen beneficiario incapacitado,6,6,6,7,6,7,7,6,7,7,6,7,7,6,6,7,7,7,7,6,7,6,7,6,6,7,7,7,7,7,7,7,7,7,7,6,7,7,7,7,6,7,7,7,1,0,0,0,1,0,0,1,0,0,1,0,0,0,1,0,0,0,-1,1,0,1,30s,3,4
157,32,Femenino,Primaria,Calificación enfermedad de trabajo,6,6,6,5,5,6,6,5,6,6,6,6,6,6,6,6,6,5,5,6,5,6,5,5,4,4,5,4,4,5,5,5,5,4,5,3,4,4,3,4,4,5,4,4,-1,-1,-2,-1,0,-2,-2,0,-1,-1,-1,-2,-1,-3,-2,-2,-3,-1,-1,-1,-1,-2,30s,3,2
158,18,Masculino,Secundaria,Calificación accidente de trabajo,6,6,6,6,6,6,6,6,6,6,6,6,6,6,6,6,6,6,6,6,6,6,5,5,5,7,7,7,7,7,7,7,6,7,7,6,6,6,6,7,6,6,6,7,-1,-1,-1,1,1,1,1,1,1,1,0,1,1,0,0,0,0,1,0,0,0,1,10s,1,3
159,48,Masculino,Primaria,Calificación accidente de trabajo,5,5,5,5,5,6,6,6,6,6,6,5,6,6,5,6,6,5,6,6,6,6,5,5,4,4,4,4,4,5,4,5,4,4,5,4,5,4,5,5,5,4,5,6,0,0,-1,-1,-1,-2,-2,-1,-2,-1,-2,-1,-1,-2,0,-2,-1,0,-1,-2,-1,0,40s,4,2
160,45,Femenino,Licenciatura,Calificación enfermedad de trabajo,7,7,6,6,6,6,7,7,7,6,7,7,7,6,6,6,7,7,7,7,6,6,6,3,4,6,7,7,7,7,7,5,5,6,6,5,5,6,6,5,5,5,6,6,-1,-4,-2,0,1,1,0,0,0,-1,-2,-1,-1,-1,-1,0,-1,-2,-2,-2,0,0,40s,4,5
161,48,Femenino,Secundaria,Dictamen de Invalidez,6,6,6,6,7,7,6,7,7,7,7,6,6,6,6,7,7,6,6,7,7,6,5,5,5,5,5,4,5,6,5,6,4,4,5,5,5,4,5,4,5,6,6,4,-1,-1,-1,-1,-2,-3,-1,-1,-2,-1,-3,-2,-1,-1,-1,-3,-2,-2,-1,-1,-1,-2,40s,4,3
162,19,Masculino,Secundaria,Calificación accidente de trabajo,7,7,7,7,7,7,7,6,6,6,6,6,6,4,7,7,7,7,6,6,6,6,7,7,7,7,7,7,7,7,7,7,7,7,7,7,7,7,7,7,7,7,7,7,0,0,0,0,0,0,0,1,1,1,1,1,1,3,0,0,0,0,1,1,1,1,10s,1,3
163,55,Femenino,Primaria,Dictamen de Invalidez,6,6,6,7,7,7,7,6,6,6,7,6,7,6,7,6,6,7,7,7,7,7,5,5,6,6,5,6,4,4,4,6,6,5,5,6,6,6,6,4,4,3,4,3,-1,-1,0,-1,-2,-1,-3,-2,-2,0,-1,-1,-2,0,-1,0,0,-3,-3,-4,-3,-4,50s,5,2
164,44,Femenino,Preparatoria,Dictamen beneficiario incapacitado,6,7,7,7,6,6,6,6,6,7,7,6,7,7,7,7,7,7,7,7,6,6,6,3,5,6,5,5,6,6,6,5,5,6,6,6,7,7,7,5,5,6,7,7,0,-4,-2,-1,-1,-1,0,0,0,-2,-2,0,-1,-1,0,0,0,-2,-2,-1,1,1,40s,4,4
165,46,Femenino,Preparatoria,Calificación accidente de trabajo,6,6,6,7,7,7,7,6,6,5,5,6,7,6,6,5,5,6,7,7,7,7,6,6,6,5,5,5,5,6,6,6,6,6,6,6,6,4,4,4,5,5,5,6,0,0,0,-2,-2,-2,-2,0,0,1,1,0,-1,0,0,-1,-1,-2,-2,-2,-2,-1,40s,4,4
166,58,Masculino,Primaria,Dictamen de Invalidez,6,6,6,6,6,6,5,5,5,6,6,5,5,5,5,6,6,6,6,6,6,6,4,4,6,4,4,4,5,5,5,6,6,6,6,5,5,5,5,5,5,4,4,2,-2,-2,0,-2,-2,-2,0,0,0,0,0,1,1,0,0,-1,-1,-1,-1,-2,-2,-4,50s,5,2
167,24,Femenino,Secundaria,Calificación accidente de trabajo,7,7,7,7,7,5,6,6,7,7,6,6,6,6,7,7,7,7,6,6,6,6,6,5,6,7,7,6,5,7,5,7,6,6,6,6,6,7,7,7,6,7,7,7,-1,-2,-1,0,0,1,-1,1,-2,0,0,0,0,0,-1,0,0,0,0,1,1,1,20s,2,3
168,36,Femenino,Secundaria,Calificación accidente de trabajo,6,7,7,7,7,6,7,7,7,7,7,7,7,7,7,7,7,6,6,6,6,6,7,6,7,7,6,7,6,7,7,6,7,7,6,7,6,7,7,6,7,6,7,6,1,-1,0,0,-1,1,-1,0,0,-1,0,0,-1,0,-1,0,0,0,1,0,1,0,30s,3,3
169,53,Masculino,Preparatoria,Dictamen Incapacidad Permanente Parcial,5,5,5,5,5,5,4,4,6,6,6,6,5,5,5,5,6,6,6,6,6,6,6,6,5,5,5,5,6,6,5,6,6,6,6,5,6,6,6,7,6,7,6,6,1,1,0,0,0,0,2,2,-1,0,0,0,1,0,1,1,0,1,0,1,0,0,50s,5,4
170,43,Femenino,Preparatoria,Calificación accidente de trabajo,6,7,7,6,6,5,5,6,7,7,6,7,7,5,5,6,6,7,6,7,7,7,6,6,6,6,6,5,6,5,5,7,5,4,3,5,7,6,7,6,6,6,7,7,0,-1,-1,0,0,0,1,-1,-2,0,-1,-3,-4,0,2,0,1,-1,0,-1,0,0,40s,4,4
171,33,Femenino,Secundaria,Calificación accidente de trabajo,7,6,6,7,6,6,5,6,7,7,6,7,7,6,6,7,7,7,7,6,7,6,7,7,7,6,7,6,6,6,6,7,7,7,7,6,7,7,7,7,6,7,6,6,0,1,1,-1,1,0,1,0,-1,0,1,0,0,0,1,0,0,0,-1,1,-1,0,30s,3,3
172,44,Masculino,Primaria,Calificación accidente de trabajo,7,7,6,7,6,7,6,6,7,7,7,7,7,6,2,5,3,7,6,6,6,7,7,7,6,6,7,7,7,4,7,7,3,3,6,7,4,6,5,6,7,7,6,6,0,0,0,-1,1,0,1,-2,0,0,-4,-4,-1,1,2,1,2,-1,1,1,0,-1,40s,4,2
173,57,Femenino,Preparatoria,Dictamen Incapacidad Permanente Parcial,6,6,7,7,7,6,6,6,7,7,7,7,7,7,7,7,7,7,7,7,7,7,7,6,6,7,6,6,7,6,6,6,6,7,7,6,7,7,7,7,6,6,7,7,1,0,-1,0,-1,0,1,0,-1,-1,-1,0,0,-1,0,0,0,0,-1,-1,0,0,50s,5,4
174,20,Femenino,Preparatoria,Calificación accidente de trabajo,7,7,7,7,7,7,6,5,7,7,7,7,7,7,7,7,7,7,7,7,6,6,7,5,7,7,7,6,6,7,6,7,7,7,7,7,7,7,7,7,7,7,7,5,0,-2,0,0,0,-1,0,2,-1,0,0,0,0,0,0,0,0,0,0,0,1,-1,20s,2,4
175,59,Masculino,Primaria,Calificación accidente de trabajo,6,6,6,6,7,7,6,6,6,5,4,6,6,5,6,5,5,6,6,6,7,7,6,3,4,6,6,7,6,7,6,7,7,6,7,6,6,7,7,6,7,7,7,7,0,-3,-2,0,-1,0,0,1,0,2,3,0,1,1,0,2,2,0,1,1,0,0,50s,5,2
176,30,Masculino,Secundaria,Calificación accidente de trabajo,6,6,5,6,6,6,6,6,6,6,7,7,7,7,7,6,6,6,7,7,7,7,6,7,6,7,6,7,6,6,6,7,6,6,7,7,7,6,7,6,6,6,7,6,0,1,1,1,0,1,0,0,0,1,-1,-1,0,0,0,0,1,0,-1,-1,0,-1,30s,3,3
177,18,Femenino,Secundaria,Calificación accidente de trabajo,7,7,6,6,6,6,6,7,7,7,7,6,7,7,7,7,7,7,7,6,7,7,5,5,5,6,5,5,6,6,6,7,7,5,5,5,7,5,5,7,7,7,7,7,-2,-2,-1,0,-1,-1,0,-1,-1,0,0,-1,-2,-2,0,-2,-2,0,0,1,0,0,10s,1,3
178,42,Masculino,Preparatoria,Calificación accidente de trabajo,7,7,7,7,7,6,6,6,6,7,7,6,6,6,7,7,7,6,7,7,7,7,6,6,6,6,6,7,6,5,5,5,6,6,5,6,6,5,5,5,5,6,5,2,-1,-1,-1,-1,-1,1,0,-1,-1,-2,-1,0,-1,0,-1,-2,-2,-1,-2,-1,-2,-5,40s,4,4
179,42,Masculino,Licenciatura,Calificación accidente de trabajo,6,6,5,6,6,6,6,6,7,7,5,7,7,7,6,7,7,7,6,7,7,6,5,6,6,6,5,5,5,5,5,7,4,5,5,6,5,4,6,7,5,4,5,5,-1,0,1,0,-1,-1,-1,-1,-2,0,-1,-2,-2,-1,-1,-3,-1,0,-1,-3,-2,-1,40s,4,5
180,36,Femenino,Secundaria,Calificación enfermedad de trabajo,7,7,6,6,6,7,7,6,7,7,7,7,7,6,6,6,6,7,6,6,6,7,7,7,6,6,7,7,7,4,7,7,6,4,5,4,6,6,7,6,7,6,6,6,0,0,0,0,1,0,0,-2,0,0,-1,-3,-2,-2,0,0,1,-1,1,0,0,-1,30s,3,3
181,22,Masculino,Preparatoria,Calificación accidente de trabajo,7,7,6,7,5,6,7,6,6,7,7,7,6,5,7,6,7,6,7,7,6,7,7,6,5,6,6,7,7,6,6,6,6,6,6,6,6,6,7,7,6,6,7,6,0,-1,-1,-1,1,1,0,0,0,-1,-1,-1,0,1,-1,0,0,1,-1,-1,1,-1,20s,2,4
182,32,Femenino,Primaria,Calificación enfermedad de trabajo,6,6,6,5,5,6,6,5,6,6,6,6,6,6,6,6,6,5,5,6,5,6,5,5,4,4,5,4,4,5,5,5,5,4,5,3,4,4,3,4,4,5,4,4,-1,-1,-2,-1,0,-2,-2,0,-1,-1,-1,-2,-1,-3,-2,-2,-3,-1,-1,-1,-1,-2,30s,3,2
183,38,Femenino,Secundaria,Calificación enfermedad de trabajo,7,7,7,7,6,7,7,7,7,6,6,6,7,7,5,5,5,5,7,7,6,6,6,5,4,7,6,7,6,6,6,7,6,6,6,6,7,6,6,7,5,6,6,7,-1,-2,-3,0,0,0,-1,-1,-1,1,0,0,-1,-1,2,1,1,2,-2,-1,0,1,30s,3,3
184,48,Masculino,Primaria,Calificación accidente de trabajo,5,5,5,5,5,6,6,6,6,6,6,5,6,6,5,6,6,5,6,6,6,6,5,5,4,4,4,4,4,5,4,5,4,4,6,4,5,4,5,5,5,4,5,6,0,0,-1,-1,-1,-2,-2,-1,-2,-1,-2,-1,0,-2,0,-2,-1,0,-1,-2,-1,0,40s,4,2
185,45,Femenino,Preparatoria,Dictamen de Invalidez,7,7,7,7,7,6,7,7,6,6,6,7,6,6,7,7,7,7,6,6,7,6,6,2,3,4,5,6,2,3,4,5,6,6,5,6,7,7,7,7,5,5,6,7,-1,-5,-4,-3,-2,0,-5,-4,-2,-1,0,-1,-1,0,0,0,0,0,-1,-1,-1,1,40s,4,4
186,48,Femenino,Secundaria,Dictamen de Invalidez,6,6,6,6,7,7,6,7,7,7,7,6,6,6,6,7,7,6,6,7,7,6,5,5,5,5,5,4,5,6,5,6,4,4,5,5,5,4,5,4,5,6,6,4,-1,-1,-1,-1,-2,-3,-1,-1,-2,-1,-3,-2,-1,-1,-1,-3,-2,-2,-1,-1,-1,-2,40s,4,3
187,35,Masculino,Secundaria,Calificación enfermedad de trabajo,7,7,7,7,7,7,7,6,6,6,6,4,5,6,6,5,5,5,6,7,7,7,7,7,7,7,6,6,7,7,7,7,6,7,6,7,7,7,6,6,6,7,7,7,0,0,0,0,-1,-1,0,1,1,1,0,3,1,1,1,2,1,1,0,0,0,0,30s,3,3
188,59,Femenino,Primaria,Calificación accidente de trabajo,7,7,7,7,7,7,7,6,6,7,7,6,7,7,7,6,6,7,6,7,7,7,6,6,5,5,5,7,6,5,5,5,6,6,5,6,6,5,6,5,6,6,4,4,-1,-1,-2,-2,-2,0,-1,-1,-1,-2,-1,0,-2,-1,-1,-1,0,-2,0,-1,-3,-3,50s,5,2
189,55,Femenino,Primaria,Dictamen de Invalidez,6,6,6,7,7,7,7,6,6,6,7,6,7,6,7,6,6,7,7,7,7,7,5,5,6,6,5,6,4,4,4,6,6,5,5,6,6,6,6,4,4,3,4,3,-1,-1,0,-1,-2,-1,-3,-2,-2,0,-1,-1,-2,0,-1,0,0,-3,-3,-4,-3,-4,50s,5,2
190,35,Femenino,Secundaria,Calificación accidente de trabajo,6,6,6,7,5,6,7,7,6,7,7,7,7,6,7,6,6,7,7,7,6,7,7,6,6,6,6,5,6,5,6,6,7,7,6,6,6,5,6,7,7,6,6,6,1,0,0,-1,1,-1,-1,-2,0,-1,0,0,-1,0,-1,-1,0,0,0,-1,0,-1,30s,3,3
191,41,Masculino,Preparatoria,Calificación accidente de trabajo,6,6,7,7,7,6,6,6,7,7,7,7,6,6,7,7,7,6,6,6,7,7,7,5,5,7,6,6,6,7,5,6,7,7,6,7,6,5,7,6,7,7,5,6,1,-1,-2,0,-1,0,0,1,-2,-1,0,0,0,1,-1,-2,0,0,1,1,-2,-1,40s,4,4
192,41,Masculino,Licenciatura,Dictamen Incapacidad Permanente Parcial,7,7,7,7,6,7,7,6,6,6,7,7,7,7,6,6,6,6,7,7,6,6,6,2,3,6,6,7,7,6,6,7,6,3,4,3,7,5,6,7,6,7,6,7,-1,-5,-4,-1,0,0,0,0,0,1,-1,-4,-3,-4,1,-1,0,1,-1,0,0,1,40s,4,5
193,41,Femenino,Licenciatura,Dictamen beneficiario incapacitado,7,7,7,7,6,7,6,6,7,7,6,6,6,7,7,6,7,7,7,6,7,7,6,5,5,6,6,7,7,7,7,5,6,7,6,6,7,6,5,6,7,7,7,7,-1,-2,-2,-1,0,0,1,1,0,-2,0,1,0,-1,0,0,-2,-1,0,1,0,0,40s,4,5
194,29,Masculino,Secundaria,Calificación accidente de trabajo,7,6,7,6,6,5,5,6,6,6,6,7,7,7,7,6,6,7,5,6,7,7,7,6,6,6,6,6,4,7,7,7,6,4,6,4,7,6,6,7,7,7,6,6,0,0,-1,0,0,1,-1,1,1,1,0,-3,-1,-3,0,0,0,0,2,1,-1,-1,20s,2,3
195,52,Femenino,Secundaria,Dictamen de Invalidez,7,7,7,7,7,7,7,7,7,7,7,7,7,7,7,7,7,7,7,7,7,7,6,5,5,5,6,5,6,6,6,5,5,5,6,4,4,5,5,4,5,4,4,4,-1,-2,-2,-2,-1,-2,-1,-1,-1,-2,-2,-2,-1,-3,-3,-2,-2,-3,-2,-3,-3,-3,50s,5,3
196,51,Masculino,Licenciatura,Calificación accidente de trabajo,7,7,6,6,6,6,7,6,6,6,4,7,7,7,5,6,6,5,6,5,6,6,7,7,7,7,7,7,7,7,7,7,7,7,7,7,7,7,7,7,7,7,7,7,0,0,1,1,1,1,0,1,1,1,3,0,0,0,2,1,1,2,1,2,1,1,50s,5,5
197,42,Femenino,Secundaria,Calificación accidente de trabajo,6,6,7,7,7,6,7,7,7,6,6,6,7,7,6,6,7,7,6,7,7,7,7,4,5,7,6,5,5,6,4,6,4,3,5,6,5,7,6,5,6,6,7,6,1,-2,-2,0,-1,-1,-2,-1,-3,0,-2,-3,-2,-1,-1,1,-1,-2,0,-1,0,-1,40s,4,3
198,39,Femenino,Licenciatura,Calificación accidente de trabajo,7,7,7,6,7,6,6,6,6,6,6,7,6,6,7,7,6,6,7,7,7,7,6,6,7,6,6,6,6,6,7,6,6,6,6,6,7,7,7,6,5,6,5,6,-1,-1,0,0,-1,0,0,0,1,0,0,-1,0,0,0,0,1,0,-2,-1,-2,-1,30s,3,5
199,31,Masculino,Primaria,Calificación accidente de trabajo,6,6,6,6,6,6,6,6,6,6,6,6,6,6,6,6,6,6,6,6,6,6,4,5,5,4,4,5,5,3,3,5,5,4,4,5,6,5,4,5,3,5,5,5,-2,-1,-1,-2,-2,-1,-1,-3,-3,-1,-1,-2,-2,-1,0,-1,-2,-1,-3,-1,-1,-1,30s,3,2
200,26,Masculino,Secundaria,Calificación accidente de trabajo,6,6,6,6,6,6,6,6,6,7,7,6,6,6,7,7,7,7,6,6,6,7,5,4,5,4,5,4,3,3,2,4,5,6,5,6,3,6,6,6,4,5,4,4,-1,-2,-1,-2,-1,-2,-3,-3,-4,-3,-2,0,-1,0,-4,-1,-1,-1,-2,-1,-2,-3,20s,2,3
201,48,Femenino,Preparatoria,Dictamen Incapacidad Permanente Parcial,7,7,7,7,7,6,7,7,7,7,7,7,7,7,7,7,7,7,7,7,7,7,6,5,5,5,4,4,5,6,6,6,4,5,5,5,6,6,5,5,6,5,6,3,-1,-2,-2,-2,-3,-2,-2,-1,-1,-1,-3,-2,-2,-2,-1,-1,-2,-2,-1,-2,-1,-4,40s,4,4
202,38,Femenino,Licenciatura,Calificación accidente de trabajo,6,6,6,7,7,7,7,5,7,7,7,6,6,7,7,7,7,7,6,7,6,7,6,5,6,7,7,7,7,6,6,6,7,6,6,7,6,6,7,7,6,7,6,6,0,-1,0,0,0,0,0,1,-1,-1,0,0,0,0,-1,-1,0,0,0,0,0,-1,30s,3,5
203,37,Femenino,Maestría,Calificación accidente de trabajo,7,7,7,7,7,7,4,4,4,7,7,7,6,6,6,6,7,6,6,7,6,6,5,5,5,6,6,5,4,4,4,7,7,6,6,5,5,5,6,6,6,6,6,6,-2,-2,-2,-1,-1,-2,0,0,0,0,0,-1,0,-1,-1,-1,-1,0,0,-1,0,0,30s,3,6
204,26,Masculino,Preparatoria,Calificación enfermedad de trabajo,6,6,6,6,6,6,6,6,6,7,7,6,7,7,7,6,6,6,6,6,6,5,7,6,6,7,7,6,6,6,6,7,7,7,6,7,7,7,7,6,6,7,7,7,1,0,0,1,1,0,0,0,0,0,0,1,-1,0,0,1,1,0,0,1,1,2,20s,2,4
205,22,Masculino,Preparatoria,Calificación accidente de trabajo,6,6,6,6,6,6,5,6,6,5,5,6,6,6,5,5,6,6,5,7,5,5,5,5,5,5,5,5,5,5,4,4,4,5,4,3,4,4,4,4,4,5,4,3,-1,-1,-1,-1,-1,-1,0,-1,-2,-1,-1,-1,-2,-3,-1,-1,-2,-2,-1,-2,-1,-2,20s,2,4
206,30,Masculino,Secundaria,Dictamen Incapacidad Permanente Parcial,4,7,7,5,5,4,5,6,6,7,7,7,7,4,5,7,7,5,6,7,7,7,6,5,5,7,5,6,5,5,6,7,6,6,5,5,6,5,6,5,6,6,6,6,2,-2,-2,2,0,2,0,-1,0,0,-1,-1,-2,1,1,-2,-1,0,0,-1,-1,-1,30s,3,3
207,19,Femenino,Preparatoria,Calificación accidente de trabajo,7,7,7,7,7,7,7,7,7,7,7,7,7,7,7,7,7,7,7,7,7,7,7,7,7,7,7,7,7,7,7,7,7,7,6,6,7,7,7,7,7,7,6,5,0,0,0,0,0,0,0,0,0,0,0,0,-1,-1,0,0,0,0,0,0,-1,-2,10s,1,4
208,41,Femenino,Preparatoria,Calificación accidente de trabajo,6,6,7,7,6,6,7,7,7,6,6,6,7,7,7,6,6,7,6,7,6,7,6,4,2,3,6,4,4,4,3,4,6,6,4,5,5,7,6,7,7,7,7,7,0,-2,-5,-4,0,-2,-3,-3,-4,-2,0,0,-3,-2,-2,1,0,0,1,0,1,0,40s,4,4
209,41,Masculino,Licenciatura,Calificación enfermedad de trabajo,7,7,7,7,7,7,7,6,6,6,7,7,6,7,6,6,6,7,6,7,7,7,5,4,4,4,5,3,5,3,3,4,5,5,3,3,3,5,4,5,5,4,4,3,-2,-3,-3,-3,-2,-4,-2,-3,-3,-2,-2,-2,-3,-4,-3,-1,-2,-2,-1,-3,-3,-4,40s,4,5
210,42,Femenino,Secundaria,Calificación enfermedad de trabajo,6,6,6,6,7,7,6,6,5,6,7,7,6,6,7,7,7,7,6,6,6,6,5,5,5,6,5,5,5,5,4,5,5,6,5,5,5,5,4,5,5,4,6,5,-1,-1,-1,0,-2,-2,-1,-1,-1,-1,-2,-1,-1,-1,-2,-2,-3,-2,-1,-2,0,-1,40s,4,3
211,53,Femenino,Licenciatura,Dictamen de Invalidez,7,7,7,7,7,7,6,5,5,7,7,7,6,7,6,6,6,7,7,6,5,6,7,7,6,6,5,6,6,5,5,6,6,5,6,5,6,6,5,6,5,5,6,4,0,0,-1,-1,-2,-1,0,0,0,-1,-1,-2,0,-2,0,0,-1,-1,-2,-1,1,-2,50s,5,5
212,36,Masculino,Preparatoria,Calificación accidente de trabajo,6,6,7,7,7,6,7,7,7,7,6,6,7,7,7,7,6,5,7,7,5,6,6,5,7,5,6,6,7,7,5,6,5,5,5,5,4,5,3,6,4,5,6,6,0,-1,0,-2,-1,0,0,0,-2,-1,-1,-1,-2,-2,-3,-2,-3,1,-3,-2,1,0,30s,3,4
213,49,Femenino,Preparatoria,Dictamen de Invalidez,6,7,7,6,6,7,7,6,6,6,6,7,6,6,7,7,6,6,5,6,6,6,6,7,7,6,6,6,6,6,7,6,5,5,5,5,6,6,7,7,7,6,5,5,0,0,0,0,0,-1,-1,0,1,0,-1,-2,-1,-1,-1,-1,1,1,2,0,-1,-1,40s,4,4
214,31,Femenino,Secundaria,Calificación accidente de trabajo,7,7,7,7,7,7,7,7,7,7,7,7,7,7,7,7,7,7,7,7,7,7,6,5,7,5,6,5,6,7,7,6,7,5,5,5,6,7,6,6,6,7,5,5,-1,-2,0,-2,-1,-2,-1,0,0,-1,0,-2,-2,-2,-1,0,-1,-1,-1,0,-2,-2,30s,3,3
215,51,Masculino,Secundaria,Dictamen Incapacidad Permanente Parcial,6,6,6,6,6,4,4,4,4,7,7,6,6,6,7,7,7,7,6,6,6,7,5,4,5,4,5,4,3,3,5,4,3,3,3,4,5,5,5,6,4,5,3,2,-1,-2,-1,-2,-1,0,-1,-1,1,-3,-4,-3,-3,-2,-2,-2,-2,-1,-2,-1,-3,-5,50s,5,3
216,32,Femenino,Preparatoria,Dictamen Incapacidad Permanente Parcial,6,6,5,6,6,6,5,6,6,5,5,6,6,6,5,5,6,6,5,7,5,5,6,7,7,5,5,5,5,5,4,4,4,5,7,6,4,4,4,4,4,5,4,3,0,1,2,-1,-1,-1,0,-1,-2,-1,-1,-1,1,0,-1,-1,-2,-2,-1,-2,-1,-2,30s,3,4
217,49,Femenino,Preparatoria,Calificación accidente de trabajo,6,6,6,6,7,6,7,7,6,6,7,6,7,7,7,7,7,7,6,7,7,7,6,5,6,7,7,7,7,6,6,7,7,6,6,7,7,7,7,7,6,7,7,7,0,-1,0,1,0,1,0,-1,0,1,0,0,-1,0,0,0,0,0,0,0,0,0,40s,4,4
218,37,Masculino,Preparatoria,Dictamen Incapacidad Permanente Parcial,6,7,7,7,6,6,6,7,7,6,6,6,7,6,6,6,7,6,7,6,6,6,5,5,2,4,5,4,4,5,4,5,5,4,6,6,6,6,5,6,6,4,6,6,-1,-2,-5,-3,-1,-2,-2,-2,-3,-1,-1,-2,-1,0,0,0,-2,0,-1,-2,0,0,30s,3,4
219,37,Masculino,Preparatoria,Calificación enfermedad de trabajo,6,7,7,6,6,7,6,6,6,7,7,6,7,7,7,6,6,7,6,7,7,5,7,7,7,7,7,7,7,7,7,7,7,7,7,7,7,7,7,7,7,7,7,7,1,0,0,1,1,0,1,1,1,0,0,1,0,0,0,1,1,0,1,0,0,2,30s,3,4
220,57,Femenino,Preparatoria,Dictamen de Invalidez,6,6,6,6,6,6,6,6,6,6,6,6,6,6,6,6,6,6,6,6,6,6,5,6,7,6,4,5,6,7,7,7,7,7,7,7,7,7,7,6,6,6,7,6,-1,0,1,0,-2,-1,0,1,1,1,1,1,1,1,1,1,1,0,0,0,1,0,50s,5,4
221,21,Femenino,Preparatoria,Calificación accidente de trabajo,6,6,6,5,5,4,5,6,6,5,5,5,6,4,5,5,6,6,6,5,5,5,6,6,5,7,5,6,6,6,6,7,6,6,6,5,6,5,5,5,5,6,7,7,0,0,-1,2,0,2,1,0,0,2,1,1,0,1,1,0,-1,-1,-1,1,2,2,20s,2,4
222,52,Masculino,Preparatoria,Dictamen de Invalidez,5,5,3,5,4,4,2,2,2,6,5,6,7,7,7,7,7,7,6,6,6,7,6,5,7,6,7,5,5,6,5,7,7,7,7,6,6,6,7,6,6,6,6,6,1,0,4,1,3,1,3,4,3,1,2,1,0,-1,-1,-1,0,-1,0,0,0,-1,50s,5,4
223,35,Masculino,Secundaria,Calificación accidente de trabajo,6,7,7,7,6,6,7,6,6,6,6,7,7,7,7,6,6,6,6,7,6,6,5,3,3,1,5,4,2,2,1,3,4,4,4,3,3,4,3,3,1,3,4,2,-1,-4,-4,-6,-1,-2,-5,-4,-5,-3,-2,-3,-3,-4,-4,-2,-3,-3,-5,-4,-2,-4,30s,3,3
224,44,Femenino,Licenciatura,Calificación accidente de trabajo,7,7,7,6,6,7,6,7,6,6,7,4,4,4,7,7,7,7,7,7,7,7,5,5,6,6,5,6,4,4,4,6,6,5,5,6,6,6,6,4,4,3,4,3,-2,-2,-1,0,-1,-1,-2,-3,-2,0,-1,1,1,2,-1,-1,-1,-3,-3,-4,-3,-4,40s,4,5
225,49,Femenino,Preparatoria,Dictamen Incapacidad Permanente Parcial,6,6,5,5,7,7,5,6,5,6,7,7,6,5,7,7,5,7,6,5,6,6,6,2,3,6,4,5,5,6,6,5,5,6,6,5,5,5,6,6,5,7,6,5,0,-4,-2,1,-3,-2,0,0,1,-1,-2,-1,0,0,-2,-2,1,-1,-1,2,0,-1,40s,4,4
226,43,Femenino,Preparatoria,Dictamen Incapacidad Permanente Parcial,5,4,5,5,5,4,4,5,5,4,4,4,6,6,7,7,6,6,5,6,7,7,5,6,7,7,5,6,6,6,6,7,3,4,4,4,5,7,6,6,6,7,6,5,0,2,2,2,0,2,2,1,1,3,-1,0,-2,-2,-2,0,0,0,1,1,-1,-2,40s,4,4
227,26,Masculino,Secundaria,Dictamen Incapacidad Permanente Parcial,6,6,6,7,7,6,5,5,6,6,6,6,6,6,7,7,7,6,6,7,6,6,7,6,5,7,6,7,7,5,6,7,7,5,7,7,7,7,5,6,6,6,7,7,1,0,-1,0,-1,1,2,0,0,1,1,-1,1,1,0,0,-2,0,0,-1,1,1,20s,2,3
228,45,Masculino,Licenciatura,Dictamen Incapacidad Permanente Parcial,6,7,7,6,7,7,6,7,7,7,7,6,7,7,6,7,7,6,6,7,7,7,5,5,6,6,5,4,6,6,6,6,4,6,5,5,6,4,5,6,5,6,6,4,-1,-2,-1,0,-2,-3,0,-1,-1,-1,-3,0,-2,-2,0,-3,-2,0,-1,-1,-1,-3,40s,4,5
229,35,Femenino,Secundaria,Calificación accidente de trabajo,7,7,7,7,7,6,6,6,6,7,7,7,7,7,7,7,7,7,7,7,7,7,6,5,6,7,7,7,7,7,7,7,5,4,7,6,7,7,7,7,7,7,7,7,-1,-2,-1,0,0,1,1,1,1,0,-2,-3,0,-1,0,0,0,0,0,0,0,0,30s,3,3
230,42,Femenino,Secundaria,Calificación accidente de trabajo,7,7,7,7,6,7,7,6,6,7,7,7,7,6,6,7,7,7,7,7,6,6,6,5,5,6,6,5,4,4,4,6,7,6,6,6,7,7,7,7,7,7,7,5,-1,-2,-2,-1,0,-2,-3,-2,-2,-1,0,-1,-1,0,1,0,0,0,0,0,1,-1,40s,4,3
231,32,Masculino,Preparatoria,Calificación accidente de trabajo,6,7,7,6,6,6,6,5,7,7,6,7,7,7,6,7,6,7,5,7,7,7,6,6,5,5,5,4,6,6,5,6,5,5,5,6,6,5,6,6,4,6,6,6,0,-1,-2,-1,-1,-2,0,1,-2,-1,-1,-2,-2,-1,0,-2,0,-1,-1,-1,-1,-1,30s,3,4
232,34,Femenino,Licenciatura,Calificación accidente de trabajo,6,6,6,5,6,6,6,5,5,4,6,6,6,6,7,7,6,6,5,6,7,7,5,6,7,7,5,6,6,6,6,7,6,6,6,6,6,6,6,6,6,7,6,5,-1,0,1,2,-1,0,0,1,1,3,0,0,0,0,-1,-1,0,0,1,1,-1,-2,30s,3,5
233,18,Masculino,Secundaria,Calificación accidente de trabajo,5,5,5,5,5,6,6,6,6,6,6,5,6,6,5,6,6,5,6,6,6,6,5,5,4,4,4,4,4,5,4,5,4,5,5,4,5,4,5,5,5,4,5,6,0,0,-1,-1,-1,-2,-2,-1,-2,-1,-2,0,-1,-2,0,-2,-1,0,-1,-2,-1,0,10s,1,3
234,19,Masculino,Secundaria,Calificación accidente de trabajo,4,4,5,5,5,4,3,3,3,5,5,5,6,6,6,6,6,6,6,5,5,6,6,6,6,7,6,6,7,6,7,7,7,7,7,7,7,7,7,7,6,6,7,6,2,2,1,2,1,2,4,3,4,2,2,2,1,1,1,1,1,1,0,1,2,0,10s,1,3
235,58,Femenino,Preparatoria,Dictamen de Invalidez,6,7,7,7,7,7,6,7,7,7,7,7,7,7,6,7,7,6,7,7,7,6,6,5,4,5,6,7,7,7,6,6,7,7,5,7,6,6,6,6,5,6,6,7,0,-2,-3,-2,-1,0,1,0,-1,-1,0,0,-2,0,0,-1,-1,0,-2,-1,-1,1,50s,5,4
236,24,Masculino,Secundaria,Calificación enfermedad de trabajo,5,4,5,5,5,5,2,2,2,3,3,6,6,6,6,5,5,5,5,5,4,6,6,6,6,6,7,7,7,7,6,6,6,6,6,6,7,7,7,7,6,6,6,6,1,2,1,1,2,2,5,5,4,3,3,0,0,0,1,2,2,2,1,1,2,0,20s,2,3
237,39,Femenino,Preparatoria,Calificación enfermedad de trabajo,7,7,7,7,7,7,7,6,7,7,7,6,7,7,7,6,6,7,7,7,7,7,6,4,5,6,6,6,4,6,6,6,6,6,5,6,6,6,6,4,4,6,6,6,-1,-3,-2,-1,-1,-1,-3,0,-1,-1,-1,0,-2,-1,-1,0,0,-3,-3,-1,-1,-1,30s,3,4
238,18,Masculino,Preparatoria,Calificación accidente de trabajo,7,7,7,7,7,7,7,7,7,7,7,7,7,7,7,7,7,7,7,7,7,7,7,7,7,7,7,7,7,7,7,7,7,7,7,7,7,7,7,7,7,7,7,7,0,0,0,0,0,0,0,0,0,0,0,0,0,0,0,0,0,0,0,0,0,0,10s,1,4
239,26,Masculino,Secundaria,Calificación accidente de trabajo,5,7,7,7,7,7,7,5,5,5,5,7,7,6,7,7,7,6,7,7,7,7,6,7,7,5,5,6,6,5,6,6,6,7,7,4,7,6,4,7,7,7,5,6,1,0,0,-2,-2,-1,-1,0,1,1,1,0,0,-2,0,-1,-3,1,0,0,-2,-1,20s,2,3
240,52,Masculino,Licenciatura,Dictamen Incapacidad Permanente Parcial,7,7,7,7,7,7,6,6,6,7,7,7,7,7,7,7,7,6,6,7,6,6,5,6,5,7,7,5,4,3,3,7,7,7,7,7,7,7,7,6,6,6,6,6,-2,-1,-2,0,0,-2,-2,-3,-3,0,0,0,0,0,0,0,0,0,0,-1,0,0,50s,5,5
241,37,Femenino,Preparatoria,Dictamen beneficiario incapacitado,6,6,6,6,6,6,5,5,5,6,6,5,5,5,5,6,6,6,6,6,6,6,4,4,6,4,7,7,6,7,6,6,6,6,6,6,5,6,6,5,6,4,6,5,-2,-2,0,-2,1,1,1,2,1,0,0,1,1,1,0,0,0,-1,0,-2,0,-1,30s,3,4
242,45,Masculino,Secundaria,Calificación accidente de trabajo,6,6,7,7,6,6,5,5,5,6,6,6,7,7,7,7,7,7,7,5,5,5,6,6,6,7,6,6,7,6,7,7,7,7,6,6,7,7,7,7,6,6,7,6,0,0,-1,0,0,0,2,1,2,1,1,1,-1,-1,0,0,0,0,-1,1,2,1,40s,4,3
243,41,Femenino,Secundaria,Calificación accidente de trabajo,7,6,6,7,6,7,6,6,7,6,6,6,6,7,7,6,6,7,7,6,7,7,6,4,5,6,7,5,7,5,5,5,5,7,5,5,5,5,6,7,7,7,7,7,-1,-2,-1,-1,1,-2,1,-1,-2,-1,-1,1,-1,-2,-2,-1,0,0,0,1,0,0,40s,4,3
244,22,Masculino,Preparatoria,Calificación accidente de trabajo,5,5,5,5,5,5,4,4,4,7,7,6,7,6,6,7,7,7,6,6,6,7,6,5,7,6,7,5,5,6,5,7,7,7,7,6,6,6,7,6,7,7,6,6,1,0,2,1,2,0,1,2,1,0,0,1,0,0,0,-1,0,-1,1,1,0,-1,20s,2,4
245,43,Masculino,Secundaria,Dictamen Incapacidad Permanente Parcial,7,6,6,7,7,7,7,6,6,7,7,6,6,7,7,7,7,6,7,7,7,7,5,6,6,5,5,7,5,5,5,5,5,6,5,6,6,5,5,5,5,6,5,6,-2,0,0,-2,-2,0,-2,-1,-1,-2,-2,0,-1,-1,-1,-2,-2,-1,-2,-1,-2,-1,40s,4,3
246,18,Femenino,Preparatoria,Calificación accidente de trabajo,7,7,7,6,7,7,7,7,7,7,7,7,7,6,7,7,7,7,6,7,7,7,6,6,7,7,6,5,7,7,6,7,7,6,5,7,7,6,7,6,6,7,6,7,-1,-1,0,1,-1,-2,0,0,-1,0,0,-1,-2,1,0,-1,0,-1,0,0,-1,0,10s,1,4
247,51,Femenino,Preparatoria,Dictamen de Invalidez,7,7,6,7,6,6,7,7,6,7,7,6,7,7,6,6,7,7,6,7,7,6,6,5,7,5,4,5,6,7,6,5,6,6,6,3,6,6,6,4,6,7,4,6,-1,-2,1,-2,-2,-1,-1,0,0,-2,-1,0,-1,-4,0,0,-1,-3,0,0,-3,0,50s,5,4
248,41,Masculino,Licenciatura,Calificación accidente de trabajo,6,7,7,7,6,6,6,7,7,6,6,7,7,6,6,6,7,6,7,6,6,6,5,5,5,6,5,4,4,5,4,5,5,4,6,6,6,6,5,6,6,4,6,6,-1,-2,-2,-1,-1,-2,-2,-2,-3,-1,-1,-3,-1,0,0,0,-2,0,-1,-2,0,0,40s,4,5
249,41,Femenino,Secundaria,Dictamen beneficiario incapacitado,6,6,7,6,7,6,5,6,6,7,5,6,7,6,7,7,6,6,7,7,7,7,7,6,6,7,6,6,5,5,6,6,5,5,5,4,5,6,7,6,6,6,5,5,1,0,-1,1,-1,0,0,-1,0,-1,0,-1,-2,-2,-2,-1,1,0,-1,-1,-2,-2,40s,4,3
250,46,Femenino,Preparatoria,Calificación enfermedad de trabajo,6,6,6,6,5,6,6,6,6,6,6,6,6,6,6,5,5,6,5,5,4,6,6,6,6,6,7,7,7,7,6,6,7,7,6,6,7,7,7,7,7,6,7,6,0,0,0,0,2,1,1,1,0,0,1,1,0,0,1,2,2,1,2,1,3,0,40s,4,4
251,53,Femenino,Preparatoria,Dictamen de Invalidez,7,6,6,7,6,6,6,6,6,7,6,6,6,6,7,6,7,6,7,6,6,6,6,5,5,7,6,7,6,6,6,5,6,5,5,6,6,5,6,6,5,6,6,5,-1,-1,-1,0,0,1,0,0,0,-2,0,-1,-1,0,-1,-1,-1,0,-2,0,0,-1,50s,5,4
252,48,Femenino,Secundaria,Dictamen beneficiario incapacitado,7,7,7,7,7,6,7,7,7,7,7,7,7,7,7,7,7,7,7,7,7,7,6,5,5,5,5,4,5,6,6,6,4,5,6,5,6,6,5,5,6,5,6,6,-1,-2,-2,-2,-2,-2,-2,-1,-1,-1,-3,-2,-1,-2,-1,-1,-2,-2,-1,-2,-1,-1,40s,4,3
253,19,Masculino,Secundaria,Calificación accidente de trabajo,7,7,7,7,5,7,7,7,7,7,7,7,6,7,7,7,7,7,7,6,7,6,6,5,5,6,5,6,6,5,5,6,6,6,5,5,6,6,5,6,4,5,6,6,-1,-2,-2,-1,0,-1,-1,-2,-2,-1,-1,-1,-1,-2,-1,-1,-2,-1,-3,-1,-1,0,10s,1,3
254,45,Masculino,Primaria,Calificación accidente de trabajo,5,6,6,5,5,6,6,3,3,6,5,5,5,5,6,6,6,6,6,6,6,6,5,6,6,6,6,6,5,5,5,6,6,5,6,6,6,7,7,7,6,6,5,5,0,0,0,1,1,0,-1,2,2,0,1,0,1,1,0,1,1,1,0,0,-1,-1,40s,4,2
255,28,Masculino,Preparatoria,Calificación enfermedad de trabajo,6,5,5,6,5,6,6,6,6,6,6,5,6,6,5,6,6,6,6,6,6,6,5,4,4,4,4,4,4,5,5,5,4,3,5,3,5,4,5,6,6,5,6,7,-1,-1,-1,-2,-1,-2,-2,-1,-1,-1,-2,-2,-1,-3,0,-2,-1,0,0,-1,0,1,20s,2,4
256,42,Femenino,Licenciatura,Calificación accidente de trabajo,7,7,7,7,7,7,3,3,3,5,6,6,5,6,6,5,5,6,6,6,6,6,7,6,5,7,6,6,4,4,4,6,5,6,5,6,6,6,6,7,7,7,7,7,0,-1,-2,0,-1,-1,1,1,1,1,-1,0,0,0,0,1,1,1,1,1,1,1,40s,4,5
257,60,Masculino,Primaria,Dictamen Incapacidad Permanente Parcial,7,7,7,6,7,7,6,7,7,7,7,6,7,7,6,7,7,6,6,7,7,7,5,5,5,5,5,4,5,6,5,6,4,4,5,5,5,4,5,4,5,6,6,4,-2,-2,-2,-1,-2,-3,-1,-1,-2,-1,-3,-2,-2,-2,-1,-3,-2,-2,-1,-1,-1,-3,60s,6,2
258,19,Femenino,Secundaria,Calificación accidente de trabajo,7,7,7,7,7,7,7,7,7,7,7,7,7,7,7,7,7,7,7,7,7,7,5,6,7,7,6,6,6,5,6,7,6,6,6,6,6,6,6,6,6,7,6,5,-2,-1,0,0,-1,-1,-1,-2,-1,0,-1,-1,-1,-1,-1,-1,-1,-1,-1,0,-1,-2,10s,1,3
259,54,Masculino,Secundaria,Dictamen de Invalidez,6,6,6,7,7,7,7,6,6,6,7,6,7,6,7,6,6,7,7,7,7,7,5,5,6,6,5,6,4,4,4,6,6,5,5,6,6,6,6,4,4,3,4,3,-1,-1,0,-1,-2,-1,-3,-2,-2,0,-1,-1,-2,0,-1,0,0,-3,-3,-4,-3,-4,50s,5,3
260,22,Femenino,Primaria,Calificación accidente de trabajo,6,6,5,5,5,5,4,5,4,5,6,5,5,6,6,5,5,5,6,6,6,6,6,6,6,5,5,6,6,6,6,6,6,7,7,7,7,7,7,7,7,7,7,7,0,0,1,0,0,1,2,1,2,1,0,2,2,1,1,2,2,2,1,1,1,1,20s,2,2
261,52,Femenino,Primaria,Calificación accidente de trabajo,7,7,7,7,7,7,7,7,7,7,7,7,7,7,7,7,7,7,7,7,7,7,6,5,4,7,6,5,6,6,5,7,7,3,7,5,6,6,5,6,5,5,5,6,-1,-2,-3,0,-1,-2,-1,-1,-2,0,0,-4,0,-2,-1,-1,-2,-1,-2,-2,-2,-1,50s,5,2
262,31,Masculino,Maestría,Calificación accidente de trabajo,7,7,7,7,7,6,5,5,5,7,7,7,7,7,7,7,7,7,5,6,5,5,5,4,5,6,5,2,3,5,6,5,5,7,7,6,6,6,6,6,6,6,6,6,-2,-3,-2,-1,-2,-4,-2,0,1,-2,-2,0,0,-1,-1,-1,-1,-1,1,0,1,1,30s,3,6
263,45,Femenino,Preparatoria,Dictamen beneficiario incapacitado,6,7,7,6,7,7,6,6,7,7,6,7,7,6,5,6,7,7,7,6,7,7,7,4,5,6,6,4,5,7,6,5,6,4,7,7,5,4,6,6,6,5,6,7,1,-3,-2,0,-1,-3,-1,1,-1,-2,0,-3,0,1,0,-2,-1,-1,-1,-1,-1,0,40s,4,4
264,28,Masculino,Preparatoria,Calificación accidente de trabajo,7,7,6,7,7,7,7,6,6,7,7,7,6,7,7,7,6,6,7,7,6,6,6,5,6,7,5,5,6,5,4,6,6,5,4,3,6,6,4,4,6,6,4,7,-1,-2,0,0,-2,-2,-1,-1,-2,-1,-1,-2,-2,-4,-1,-1,-2,-2,-1,-1,-2,1,20s,2,4
265,29,Masculino,Licenciatura,Calificación accidente de trabajo,7,6,7,7,6,7,6,6,7,7,6,6,6,7,7,6,7,6,6,6,7,7,6,5,5,6,6,7,5,5,7,5,6,5,6,6,7,6,5,6,5,5,6,5,-1,-1,-2,-1,0,0,-1,-1,0,-2,0,-1,0,-1,0,0,-2,0,-1,-1,-1,-2,20s,2,5
266,33,Femenino,Preparatoria,Calificación accidente de trabajo,7,7,6,6,6,6,5,6,5,6,7,6,6,7,7,5,5,5,6,6,6,6,6,6,6,5,5,6,6,6,6,6,6,7,7,7,7,7,7,7,7,7,7,7,-1,-1,0,-1,-1,0,1,0,1,0,-1,1,1,0,0,2,2,2,1,1,1,1,30s,3,4
267,36,Masculino,Preparatoria,Calificación enfermedad de trabajo,6,6,6,6,6,6,6,6,6,6,6,6,6,6,6,6,6,6,6,6,6,6,6,6,6,6,6,6,6,6,6,6,6,6,6,6,6,6,6,6,6,6,6,6,0,0,0,0,0,0,0,0,0,0,0,0,0,0,0,0,0,0,0,0,0,0,30s,3,4
268,58,Femenino,Primaria,Calificación enfermedad de trabajo,7,7,7,7,7,5,7,7,7,7,7,6,7,7,7,7,5,7,5,7,7,4,6,7,6,6,7,6,7,6,6,6,6,6,6,6,7,6,7,7,6,6,6,6,-1,0,-1,-1,0,1,0,-1,-1,-1,-1,0,-1,-1,0,-1,2,0,1,-1,-1,2,50s,5,2
269,49,Femenino,Licenciatura,Calificación accidente de trabajo,6,6,7,7,7,6,6,7,7,7,6,6,7,7,7,7,7,6,7,7,7,6,6,6,7,6,5,6,7,6,7,5,5,5,5,6,6,7,4,5,6,7,4,7,0,0,0,-1,-2,0,1,-1,0,-2,-1,-1,-2,-1,-1,0,-3,-1,-1,0,-3,1,40s,4,5
270,18,Femenino,Preparatoria,Calificación accidente de trabajo,7,7,7,7,7,7,7,7,7,7,7,7,7,7,7,7,6,7,6,7,6,6,6,6,6,4,6,4,6,4,6,6,5,6,6,6,3,5,6,5,5,6,4,6,-1,-1,-1,-3,-1,-3,-1,-3,-1,-1,-2,-1,-1,-1,-4,-2,0,-2,-1,-1,-2,0,10s,1,4
271,52,Femenino,Secundaria,Calificación accidente de trabajo,7,7,7,6,7,7,6,7,7,6,7,7,6,7,6,7,7,7,6,7,7,6,5,5,5,6,7,7,6,7,4,6,5,4,3,6,6,5,6,5,4,5,6,5,-2,-2,-2,0,0,0,0,0,-3,0,-2,-3,-3,-1,0,-2,-1,-2,-2,-2,-1,-1,50s,5,3
272,22,Masculino,Secundaria,Dictamen Incapacidad Permanente Parcial,6,7,7,6,6,7,7,5,5,7,6,6,6,7,7,6,5,5,6,7,6,6,5,7,7,6,6,7,5,5,5,6,6,5,6,6,6,7,7,7,6,6,5,5,-1,0,0,0,0,0,-2,0,0,-1,0,-1,0,-1,-1,1,2,2,0,-1,-1,-1,20s,2,3
273,19,Femenino,Secundaria,Calificación accidente de trabajo,6,6,6,7,7,7,7,6,7,7,7,6,7,6,7,6,7,7,7,6,6,7,6,6,6,6,5,7,7,6,4,6,6,4,5,5,6,6,6,7,7,6,7,7,0,0,0,-1,-2,0,0,0,-3,-1,-1,-2,-2,-1,-1,0,-1,0,0,0,1,0,10s,1,3
274,31,Femenino,Licenciatura,Calificación accidente de trabajo,6,7,7,5,7,6,7,5,5,4,7,6,6,6,7,7,6,6,7,6,7,7,5,6,7,7,5,6,6,6,6,7,6,6,6,6,6,6,6,6,6,7,6,5,-1,-1,0,2,-2,0,-1,1,1,3,-1,0,0,0,-1,-1,0,0,-1,1,-1,-2,30s,3,5
275,18,Masculino,Preparatoria,Calificación accidente de trabajo,7,7,7,7,7,7,7,7,7,7,7,7,7,7,7,7,7,7,7,7,7,7,6,6,6,6,6,6,6,6,6,6,6,6,6,6,6,6,6,6,6,6,6,6,-1,-1,-1,-1,-1,-1,-1,-1,-1,-1,-1,-1,-1,-1,-1,-1,-1,-1,-1,-1,-1,-1,10s,1,4
276,58,Masculino,Primaria,Dictamen de Invalidez,7,7,7,7,7,7,7,7,7,7,7,7,7,7,7,7,7,7,7,7,7,7,7,7,6,6,5,6,6,5,5,6,7,7,6,5,6,7,7,6,5,5,6,7,0,0,-1,-1,-2,-1,-1,-2,-2,-1,0,0,-1,-2,-1,0,0,-1,-2,-2,-1,0,50s,5,2
277,22,Femenino,Preparatoria,Calificación accidente de trabajo,6,6,6,6,6,6,6,6,6,6,6,6,6,6,6,6,6,6,6,6,6,6,7,7,7,7,7,7,7,7,7,7,7,7,7,7,7,7,7,7,7,7,7,7,1,1,1,1,1,1,1,1,1,1,1,1,1,1,1,1,1,1,1,1,1,1,20s,2,4
278,51,Masculino,Licenciatura,Dictamen de Invalidez,7,7,7,7,7,7,6,6,6,7,7,6,7,6,6,7,5,6,6,6,7,5,7,6,5,7,6,6,4,4,4,6,5,6,5,6,6,6,6,7,7,7,7,7,0,-1,-2,0,-1,-1,-2,-2,-2,-1,-2,0,-2,0,0,-1,1,1,1,1,0,2,50s,5,5
279,43,Femenino,Preparatoria,Dictamen beneficiario incapacitado,6,6,6,6,6,6,6,6,6,6,6,6,6,6,6,6,6,6,6,6,6,6,6,5,7,6,7,5,5,6,5,7,7,7,7,6,6,6,7,6,6,6,6,6,0,-1,1,0,1,-1,-1,0,-1,1,1,1,1,0,0,0,1,0,0,0,0,0,40s,4,4
280,53,Masculino,Licenciatura,Calificación enfermedad de trabajo,7,7,7,7,7,6,6,6,6,7,7,7,7,7,7,7,7,7,5,6,5,5,5,4,5,6,5,2,3,5,6,5,5,7,7,6,6,6,6,6,6,6,6,6,-2,-3,-2,-1,-2,-4,-3,-1,0,-2,-2,0,0,-1,-1,-1,-1,-1,1,0,1,1,50s,5,5
281,18,Femenino,Secundaria,Calificación accidente de trabajo,6,7,7,7,6,6,7,7,7,7,6,7,7,6,7,7,6,7,6,6,7,6,6,6,6,6,6,5,6,6,5,5,5,6,6,5,5,5,6,6,6,6,6,6,0,-1,-1,-1,0,-1,-1,-1,-2,-2,-1,-1,-1,-1,-2,-2,0,-1,0,0,-1,0,10s,1,3
282,56,Femenino,Primaria,Dictamen de Invalidez,4,4,4,3,3,4,3,3,3,5,5,5,5,5,5,4,6,5,5,6,5,3,5,6,6,5,4,5,6,0,4,4,5,6,5,6,4,5,5,5,6,4,4,5,1,2,2,2,1,1,3,-3,1,-1,0,1,0,1,-1,1,-1,0,1,-2,-1,2,50s,5,2
283,54,Masculino,Primaria,Calificación enfermedad de trabajo,7,7,7,7,7,7,7,7,7,7,7,7,7,7,7,7,7,7,7,7,7,7,6,6,6,5,6,7,6,7,6,5,6,7,6,7,6,6,5,7,6,7,6,5,-1,-1,-1,-2,-1,0,-1,0,-1,-2,-1,0,-1,0,-1,-1,-2,0,-1,0,-1,-2,50s,5,2
284,46,Masculino,Preparatoria,Dictamen de Invalidez,7,6,6,7,7,7,7,6,6,6,7,7,6,7,6,6,6,7,6,7,7,7,6,6,6,6,6,6,6,6,6,6,6,6,7,6,6,6,6,6,6,6,6,6,-1,0,0,-1,-1,-1,-1,0,0,0,-1,-1,1,-1,0,0,0,-1,0,-1,-1,-1,40s,4,4
285,36,Masculino,Preparatoria,Dictamen Incapacidad Permanente Parcial,7,7,6,7,7,7,7,7,7,6,7,6,7,7,7,7,6,7,7,7,7,7,7,7,7,5,6,5,4,5,6,6,6,6,6,6,7,7,7,6,6,7,7,7,0,0,1,-2,-1,-2,-3,-2,-1,0,-1,0,-1,-1,0,0,1,-1,-1,0,0,0,30s,3,4
286,39,Femenino,Licenciatura,Calificación accidente de trabajo,6,6,7,7,7,7,6,5,6,6,7,6,7,6,7,7,6,5,5,6,7,7,5,5,5,6,6,5,6,5,5,6,6,5,6,6,5,6,6,5,6,5,6,4,-1,-1,-2,-1,-1,-2,0,0,-1,0,-1,-1,-1,0,-2,-1,0,0,1,-1,-1,-3,30s,3,5
287,59,Femenino,Primaria,Dictamen de Invalidez,6,7,7,6,6,7,7,6,6,6,7,7,6,6,6,6,7,7,7,7,7,7,6,3,2,6,6,5,6,7,7,7,5,6,5,5,6,6,6,6,6,6,6,6,0,-4,-5,0,0,-2,-1,1,1,1,-2,-1,-1,-1,0,0,-1,-1,-1,-1,-1,-1,50s,5,2
288,42,Masculino,Primaria,Dictamen de Invalidez,7,7,7,6,6,7,7,6,7,6,7,6,7,6,7,6,7,6,7,6,7,7,6,5,5,6,4,4,4,5,5,5,5,5,4,4,5,5,5,5,5,5,4,5,-1,-2,-2,0,-2,-3,-3,-1,-2,-1,-2,-1,-3,-2,-2,-1,-2,-1,-2,-1,-3,-2,40s,4,2
289,56,Femenino,Preparatoria,Dictamen de Invalidez,7,6,7,7,7,7,7,7,6,6,7,7,7,7,6,6,7,7,6,7,6,6,7,6,7,7,6,6,7,7,7,6,6,6,7,6,6,7,7,6,6,7,7,6,0,0,0,0,-1,-1,0,0,1,0,-1,-1,0,-1,0,1,0,-1,0,0,1,0,50s,5,4
290,20,Femenino,Secundaria,Calificación accidente de trabajo,6,6,6,7,5,6,7,7,6,7,7,7,7,6,7,6,6,7,7,7,6,7,7,6,6,6,6,5,6,5,6,6,7,7,6,6,6,5,6,7,7,6,6,6,1,0,0,-1,1,-1,-1,-2,0,-1,0,0,-1,0,-1,-1,0,0,0,-1,0,-1,20s,2,3
291,48,Masculino,Licenciatura,Calificación accidente de trabajo,7,7,7,7,7,6,7,7,7,7,7,7,7,7,7,7,7,7,7,7,7,7,6,5,5,5,4,4,5,6,6,6,4,5,5,5,6,6,5,5,6,5,6,3,-1,-2,-2,-2,-3,-2,-2,-1,-1,-1,-3,-2,-2,-2,-1,-1,-2,-2,-1,-2,-1,-4,40s,4,5
292,38,Femenino,Preparatoria,Calificación accidente de trabajo,6,5,5,6,6,5,5,5,4,7,7,6,6,6,7,7,7,7,6,6,6,5,7,6,6,7,7,7,6,6,6,7,7,7,7,7,7,7,7,7,7,7,7,7,1,1,1,1,1,2,1,1,2,0,0,1,1,1,0,0,0,0,1,1,1,2,30s,3,4
293,52,Masculino,Preparatoria,Dictamen Incapacidad Permanente Parcial,7,7,7,7,7,7,6,6,6,7,7,6,6,7,7,6,7,6,6,7,6,6,5,6,5,7,7,5,4,3,6,6,6,7,7,6,7,7,6,6,6,6,6,7,-2,-1,-2,0,0,-2,-2,-3,0,-1,-1,1,1,-1,0,1,-1,0,0,-1,0,1,50s,5,4
294,30,Femenino,Preparatoria,Calificación enfermedad de trabajo,7,6,7,7,7,7,7,7,7,7,5,6,7,6,7,7,7,7,6,7,7,7,7,6,7,7,7,6,7,6,6,7,6,6,7,6,6,7,6,7,6,6,6,5,0,0,0,0,0,-1,0,-1,-1,0,1,0,0,0,-1,0,-1,0,0,-1,-1,-2,30s,3,4
295,19,Masculino,Preparatoria,Calificación accidente de trabajo,7,7,6,6,7,7,7,7,6,5,5,7,7,7,5,7,7,7,7,7,6,5,5,5,5,5,5,5,5,5,4,4,4,5,4,3,4,4,4,4,4,5,4,3,-2,-2,-1,-1,-2,-2,-2,-2,-2,-1,-1,-2,-3,-4,-1,-3,-3,-3,-3,-2,-2,-2,10s,1,4
296,48,Femenino,Licenciatura,Calificación accidente de trabajo,7,7,7,7,7,7,7,7,7,7,6,6,6,6,6,6,7,6,7,6,6,6,5,5,5,5,4,4,6,5,5,5,4,4,4,5,6,5,4,4,4,4,4,6,-2,-2,-2,-2,-3,-3,-1,-2,-2,-2,-2,-2,-2,-1,0,-1,-3,-2,-3,-2,-2,0,40s,4,5
297,32,Femenino,Preparatoria,Calificación accidente de trabajo,7,7,7,7,7,7,7,6,6,6,7,7,6,7,6,6,6,7,6,7,7,7,5,4,4,4,5,3,5,3,3,4,5,5,3,3,3,5,4,5,5,4,4,3,-2,-3,-3,-3,-2,-4,-2,-3,-3,-2,-2,-2,-3,-4,-3,-1,-2,-2,-1,-3,-3,-4,30s,3,4
298,54,Femenino,Licenciatura,Calificación accidente de trabajo,6,6,6,6,6,6,6,6,6,6,6,6,6,6,6,6,6,6,6,6,6,6,6,6,6,6,6,6,6,6,6,6,6,6,6,6,6,6,6,6,6,6,6,6,0,0,0,0,0,0,0,0,0,0,0,0,0,0,0,0,0,0,0,0,0,0,50s,5,5
299,58,Masculino,Secundaria,Dictamen de Invalidez,7,7,7,7,7,7,6,5,5,7,7,7,6,7,6,6,6,7,7,6,5,6,7,7,6,6,5,6,6,5,5,6,6,5,6,5,6,6,5,6,5,5,6,4,0,0,-1,-1,-2,-1,0,0,0,-1,-1,-2,0,-2,0,0,-1,-1,-2,-1,1,-2,50s,5,3
300,30,Masculino,Preparatoria,Dictamen Incapacidad Permanente Parcial,4,4,4,3,3,4,3,3,3,5,5,5,5,5,5,4,6,5,5,6,5,3,5,6,6,5,4,5,6,0,4,4,5,6,5,6,4,5,5,5,6,4,4,5,1,2,2,2,1,1,3,-3,1,-1,0,1,0,1,-1,1,-1,0,1,-2,-1,2,30s,3,4
301,44,Femenino,Secundaria,Dictamen beneficiario incapacitado,6,7,7,7,6,6,6,7,7,6,6,6,7,6,6,6,7,6,7,6,6,6,5,5,2,4,5,4,4,5,4,5,5,4,6,6,6,6,5,6,6,4,6,6,-1,-2,-5,-3,-1,-2,-2,-2,-3,-1,-1,-2,-1,0,0,0,-2,0,-1,-2,0,0,40s,4,3
302,35,Masculino,Preparatoria,Calificación accidente de trabajo,7,7,6,7,6,7,7,7,7,7,7,6,7,7,7,6,7,7,7,7,6,6,6,5,5,6,4,4,4,5,5,5,5,5,4,4,5,5,5,5,5,5,4,5,-1,-2,-1,-1,-2,-3,-3,-2,-2,-2,-2,-1,-3,-3,-2,-1,-2,-2,-2,-2,-2,-1,30s,3,4
303,18,Femenino,Preparatoria,Calificación accidente de trabajo,7,7,7,7,7,7,7,7,7,7,7,7,7,7,7,7,7,7,7,7,7,7,7,7,6,6,5,6,6,5,5,6,7,7,6,5,6,7,7,6,5,5,6,7,0,0,-1,-1,-2,-1,-1,-2,-2,-1,0,0,-1,-2,-1,0,0,-1,-2,-2,-1,0,10s,1,4
304,20,Masculino,Preparatoria,Calificación accidente de trabajo,6,6,7,7,7,7,6,5,6,6,7,6,7,6,7,7,6,6,6,6,7,7,5,5,6,6,6,5,6,5,5,6,6,6,6,6,5,6,6,5,6,5,6,4,-1,-1,-1,-1,-1,-2,0,0,-1,0,-1,0,-1,0,-2,-1,0,-1,0,-1,-1,-3,20s,2,4
305,29,Masculino,Licenciatura,Calificación enfermedad de trabajo,5,5,3,5,4,4,2,2,2,6,5,6,7,7,7,7,7,7,6,6,6,7,6,5,7,6,7,5,5,6,5,7,7,7,7,6,6,6,7,6,6,6,6,6,1,0,4,1,3,1,3,4,3,1,2,1,0,-1,-1,-1,0,-1,0,0,0,-1,20s,2,5
306,32,Femenino,Licenciatura,Calificación accidente de trabajo,5,6,5,5,5,6,6,6,7,5,7,6,6,5,6,6,6,5,5,4,4,4,6,6,6,6,6,6,6,6,6,6,6,6,6,6,6,6,6,6,6,6,6,6,1,0,1,1,1,0,0,0,-1,1,-1,0,0,1,0,0,0,1,1,2,2,2,30s,3,5
307,55,Masculino,Preparatoria,Dictamen Incapacidad Permanente Parcial,6,6,6,5,6,6,6,5,5,4,6,6,6,6,7,7,6,6,5,6,7,7,5,6,7,7,5,6,6,6,6,7,6,6,6,6,6,6,6,6,6,7,6,5,-1,0,1,2,-1,0,0,1,1,3,0,0,0,0,-1,-1,0,0,1,1,-1,-2,50s,5,4
308,32,Femenino,Licenciatura,Calificación accidente de trabajo,7,6,7,6,7,7,7,7,7,7,6,6,7,6,7,7,7,7,6,7,7,7,7,6,7,7,7,6,7,6,6,7,6,6,7,6,6,7,6,7,6,6,6,5,0,0,0,1,0,-1,0,-1,-1,0,0,0,0,0,-1,0,-1,0,0,-1,-1,-2,30s,3,5
309,42,Masculino,Secundaria,Dictamen Incapacidad Permanente Parcial,4,4,5,5,5,4,3,3,3,5,5,5,6,6,6,6,6,6,6,5,5,6,6,6,6,7,6,6,7,6,7,7,7,7,7,7,7,7,7,7,6,6,7,6,2,2,1,2,1,2,4,3,4,2,2,2,1,1,1,1,1,1,0,1,2,0,40s,4,3
310,44,Femenino,Preparatoria,Dictamen beneficiario incapacitado,7,7,7,6,7,6,7,7,7,6,7,6,6,7,7,6,7,6,7,7,7,6,7,7,7,7,7,7,7,7,7,7,7,7,7,7,7,7,7,7,7,7,7,7,0,0,0,1,0,1,0,0,0,1,0,1,1,0,0,1,0,1,0,0,0,1,40s,4,4
311,30,Masculino,Licenciatura,Dictamen beneficiario incapacitado,5,4,5,5,5,5,6,6,6,5,5,6,6,6,6,5,5,5,5,5,4,6,6,6,6,6,7,7,7,7,6,7,6,7,6,6,7,7,7,7,6,6,6,6,1,2,1,1,2,2,1,1,0,2,1,1,0,0,1,2,2,2,1,1,2,0,30s,3,5
312,29,Masculino,Licenciatura,Calificación accidente de trabajo,7,7,7,7,7,7,7,7,7,7,7,7,7,7,7,7,7,7,7,7,7,7,5,4,5,5,6,5,5,4,4,4,4,5,5,5,5,4,5,5,4,5,5,3,-2,-3,-2,-2,-1,-2,-2,-3,-3,-3,-3,-2,-2,-2,-2,-3,-2,-2,-3,-2,-2,-4,20s,2,5
313,46,Femenino,Preparatoria,Calificación accidente de trabajo,5,6,6,5,5,6,6,3,3,6,5,5,5,5,6,6,6,6,6,6,6,6,5,6,6,6,6,6,5,5,5,6,6,5,6,6,6,7,7,7,6,6,5,5,0,0,0,1,1,0,-1,2,2,0,1,0,1,1,0,1,1,1,0,0,-1,-1,40s,4,4
314,59,Masculino,Licenciatura,Dictamen de Invalidez,7,7,7,7,7,7,7,7,7,7,7,7,7,7,7,7,7,7,7,7,7,7,7,6,6,7,7,7,6,6,6,7,7,7,7,7,7,7,7,7,7,7,7,7,0,-1,-1,0,0,0,-1,-1,-1,0,0,0,0,0,0,0,0,0,0,0,0,0,50s,5,5
315,30,Femenino,Preparatoria,Calificación enfermedad de trabajo,7,7,7,7,7,7,6,6,6,7,6,6,7,6,6,7,7,6,6,7,6,6,7,6,5,7,6,6,4,4,4,6,5,6,6,6,6,6,6,6,6,7,7,7,0,-1,-2,0,-1,-1,-2,-2,-2,-1,-1,0,-1,0,0,-1,-1,0,0,0,1,1,30s,3,4
316,46,Masculino,Preparatoria,Calificación accidente de trabajo,7,7,7,7,7,7,7,7,7,7,6,6,6,6,6,6,7,6,7,6,6,6,7,7,7,7,7,7,7,7,7,7,6,6,6,6,6,6,7,7,6,6,6,6,0,0,0,0,0,0,0,0,0,0,0,0,0,0,0,0,0,1,-1,0,0,0,40s,4,4
317,21,Masculino,Licenciatura,Calificación accidente de trabajo,6,6,6,6,6,6,6,6,6,5,6,5,6,6,6,5,5,5,6,6,6,6,7,7,7,7,7,7,7,7,7,7,7,7,7,7,7,7,7,7,7,7,7,7,1,1,1,1,1,1,1,1,1,2,1,2,1,1,1,2,2,2,1,1,1,1,20s,2,5
318,55,Masculino,Secundaria,Dictamen de Invalidez,6,6,6,6,6,6,6,6,6,7,7,7,7,6,6,6,6,6,6,6,6,6,5,5,4,5,4,4,4,5,4,5,4,3,5,4,4,3,3,3,3,3,3,3,-1,-1,-2,-1,-2,-2,-2,-1,-2,-2,-3,-4,-2,-2,-2,-3,-3,-3,-3,-3,-3,-3,50s,5,3
319,31,Femenino,Preparatoria,Calificación enfermedad de trabajo,7,7,7,7,7,6,5,5,5,7,7,7,7,7,7,7,7,7,5,6,5,5,5,4,5,6,5,2,3,5,6,5,5,7,7,6,6,6,6,6,6,6,6,6,-2,-3,-2,-1,-2,-4,-2,0,1,-2,-2,0,0,-1,-1,-1,-1,-1,1,0,1,1,30s,3,4
320,43,Femenino,Licenciatura,Calificación accidente de trabajo,7,7,7,7,7,7,7,6,4,6,5,5,6,5,5,5,5,5,5,5,5,5,7,7,7,7,7,7,7,7,7,7,7,7,7,7,7,7,7,7,7,7,7,7,0,0,0,0,0,0,0,1,3,1,2,2,1,2,2,2,2,2,2,2,2,2,40s,4,5
321,40,Femenino,Preparatoria,Dictamen de Invalidez,6,6,7,7,7,7,6,7,6,6,7,6,7,6,7,7,6,6,7,6,7,7,7,7,5,7,6,5,6,7,5,6,6,5,6,7,5,6,7,5,6,6,6,7,1,1,-2,0,-1,-2,0,0,-1,0,-1,-1,-1,1,-2,-1,1,-1,-1,0,-1,0,40s,4,4
322,46,Femenino,Preparatoria,Dictamen de Invalidez,6,5,5,6,7,6,6,6,6,7,7,6,7,7,7,7,7,7,6,6,6,6,6,6,6,7,7,6,6,7,6,7,6,6,7,7,7,7,7,7,6,6,6,6,0,1,1,1,0,0,0,1,0,0,-1,0,0,0,0,0,0,0,0,0,0,0,40s,4,4
323,35,Femenino,Licenciatura,Calificación accidente de trabajo,7,7,7,6,6,7,7,6,7,6,7,6,7,6,7,6,7,6,7,6,7,7,6,5,5,6,4,4,4,5,5,5,5,5,4,4,5,5,5,5,5,5,4,5,-1,-2,-2,0,-2,-3,-3,-1,-2,-1,-2,-1,-3,-2,-2,-1,-2,-1,-2,-1,-3,-2,30s,3,5
324,22,Masculino,Secundaria,Calificación accidente de trabajo,5,6,6,6,5,6,5,6,6,6,6,6,6,6,5,6,5,6,6,5,6,5,6,6,6,6,6,6,6,6,6,6,6,6,6,6,6,6,6,6,6,6,6,6,1,0,0,0,1,0,1,0,0,0,0,0,0,0,1,0,1,0,0,1,0,1,20s,2,3
325,59,Femenino,Preparatoria,Calificación accidente de trabajo,7,6,7,7,7,7,7,7,7,7,5,6,7,6,7,7,7,7,6,7,7,7,7,6,7,7,7,6,7,6,6,7,6,6,7,6,6,7,6,7,6,6,6,5,0,0,0,0,0,-1,0,-1,-1,0,1,0,0,0,-1,0,-1,0,0,-1,-1,-2,50s,5,4
326,44,Masculino,Preparatoria,Dictamen Incapacidad Permanente Parcial,6,6,7,7,7,6,6,6,7,7,7,7,7,7,7,7,7,7,6,6,7,7,7,6,6,7,6,6,7,6,6,7,7,7,7,6,7,7,7,7,6,6,7,6,1,0,-1,0,-1,0,1,0,-1,0,0,0,0,-1,0,0,0,0,0,0,0,-1,40s,4,4
327,18,Femenino,Preparatoria,Calificación accidente de trabajo,7,7,7,6,7,6,6,6,7,6,7,7,7,7,6,6,7,7,6,7,7,7,6,5,6,6,7,6,6,5,5,5,5,6,6,6,6,6,7,7,6,5,5,5,-1,-2,-1,0,0,0,0,-1,-2,-1,-2,-1,-1,-1,0,0,0,0,0,-2,-2,-2,10s,1,4
328,31,Masculino,Secundaria,Calificación accidente de trabajo,6,7,7,6,7,6,7,6,6,7,7,7,7,7,7,7,7,7,6,6,6,6,6,6,6,6,6,6,6,6,6,7,6,6,7,7,6,7,6,7,6,6,6,6,0,-1,-1,0,-1,0,-1,0,0,0,-1,-1,0,0,-1,0,-1,0,0,0,0,0,30s,3,3
329,39,Masculino,Preparatoria,Calificación enfermedad de trabajo,6,6,6,6,6,6,6,6,6,6,6,6,6,6,6,6,6,6,6,6,6,6,5,5,6,6,6,4,4,5,4,5,4,3,6,4,6,6,6,3,3,6,3,3,-1,-1,0,0,0,-2,-2,-1,-2,-1,-2,-3,0,-2,0,0,0,-3,-3,0,-3,-3,30s,3,4
330,46,Femenino,Secundaria,Calificación accidente de trabajo,7,7,7,6,7,6,7,5,4,6,4,5,5,4,4,6,5,6,5,5,6,5,6,6,7,7,7,5,6,7,7,6,7,7,7,7,7,6,7,7,7,6,7,7,-1,-1,0,1,0,-1,-1,2,3,0,3,2,2,3,3,0,2,1,2,1,1,2,40s,4,3
331,32,Masculino,Licenciatura,Calificación accidente de trabajo,5,3,5,5,5,3,6,6,7,5,7,4,4,5,6,1,3,5,5,4,3,3,6,6,6,6,6,6,6,6,6,6,6,6,6,6,6,6,6,6,6,6,6,6,1,3,1,1,1,3,0,0,-1,1,-1,2,2,1,0,5,3,1,1,2,3,3,30s,3,5
332,33,Masculino,Preparatoria,Calificación accidente de trabajo,7,7,7,7,7,7,7,7,7,7,7,7,7,7,7,7,6,6,7,7,6,7,7,7,7,7,7,7,7,7,7,7,7,7,7,7,7,7,7,7,7,7,7,7,0,0,0,0,0,0,0,0,0,0,0,0,0,0,0,0,1,1,0,0,1,0,30s,3,4
333,45,Femenino,Secundaria,Calificación accidente de trabajo,6,6,7,7,7,7,6,5,6,6,7,6,7,6,7,7,6,5,5,6,7,7,5,5,5,6,6,5,6,5,5,6,6,5,6,6,5,6,6,5,6,5,6,4,-1,-1,-2,-1,-1,-2,0,0,-1,0,-1,-1,-1,0,-2,-1,0,0,1,-1,-1,-3,40s,4,3
334,30,Masculino,Secundaria,Dictamen Incapacidad Permanente Parcial,7,7,7,7,7,7,7,7,7,7,7,7,7,7,7,7,7,7,7,7,7,7,7,7,7,7,7,7,7,7,7,7,7,7,7,7,7,7,7,7,7,7,7,7,0,0,0,0,0,0,0,0,0,0,0,0,0,0,0,0,0,0,0,0,0,0,30s,3,3
335,59,Masculino,Preparatoria,Dictamen Incapacidad Permanente Parcial,7,7,7,6,6,7,7,6,7,6,7,6,7,6,7,6,7,6,7,6,7,7,6,5,5,6,4,4,4,5,5,5,5,5,4,4,5,5,5,5,5,5,4,5,-1,-2,-2,0,-2,-3,-3,-1,-2,-1,-2,-1,-3,-2,-2,-1,-2,-1,-2,-1,-3,-2,50s,5,4
336,39,Femenino,Preparatoria,Calificación accidente de trabajo,6,6,6,6,6,6,6,6,6,6,6,6,6,6,6,6,6,6,6,6,6,6,6,6,6,6,6,6,6,6,6,6,6,6,6,6,6,6,6,6,6,6,6,6,0,0,0,0,0,0,0,0,0,0,0,0,0,0,0,0,0,0,0,0,0,0,30s,3,4
337,49,Masculino,Licenciatura,Dictamen de Invalidez,6,6,6,6,6,6,6,6,6,5,6,5,6,6,6,5,5,5,6,6,6,6,7,7,7,7,7,7,7,7,7,7,7,7,7,7,7,7,7,7,7,7,7,7,1,1,1,1,1,1,1,1,1,2,1,2,1,1,1,2,2,2,1,1,1,1,40s,4,5
338,36,Femenino,Secundaria,Dictamen beneficiario incapacitado,6,7,6,7,7,6,6,7,6,7,7,7,7,6,6,6,6,6,6,6,6,6,5,5,4,5,4,4,4,5,4,5,4,4,5,4,4,4,4,4,4,4,4,4,-1,-2,-2,-2,-3,-2,-2,-2,-2,-2,-3,-3,-2,-2,-2,-2,-2,-2,-2,-2,-2,-2,30s,3,3
339,46,Femenino,Preparatoria,Dictamen de Invalidez,6,5,5,6,7,6,6,6,6,7,7,6,7,7,7,7,7,7,6,6,6,6,6,6,6,7,7,6,6,7,6,7,6,6,7,7,7,7,7,7,6,6,6,6,0,1,1,1,0,0,0,1,0,0,-1,0,0,0,0,0,0,0,0,0,0,0,40s,4,4
340,42,Femenino,Preparatoria,Calificación accidente de trabajo,6,6,6,6,6,6,6,6,6,7,7,7,7,7,7,7,7,7,7,7,7,7,5,5,5,5,4,5,4,5,5,5,5,5,5,4,4,4,4,4,4,4,4,4,-1,-1,-1,-1,-2,-1,-2,-1,-1,-2,-2,-2,-2,-3,-3,-3,-3,-3,-3,-3,-3,-3,40s,4,4
341,30,Masculino,Licenciatura,Calificación accidente de trabajo,4,2,2,5,2,3,3,4,4,2,3,4,4,3,3,4,6,6,5,4,3,3,6,4,4,6,5,5,6,6,6,7,6,6,7,7,7,5,5,5,6,6,7,6,2,2,2,1,3,2,3,2,2,5,3,2,3,4,4,1,-1,-1,1,2,4,3,30s,3,5
342,59,Masculino,Secundaria,Dictamen de Invalidez,6,6,7,7,7,6,7,7,7,7,6,7,7,7,7,7,7,7,6,6,6,5,5,6,6,6,6,5,4,4,4,6,6,7,6,6,5,6,6,6,6,6,6,6,-1,0,-1,-1,-1,-1,-3,-3,-3,-1,0,0,-1,-1,-2,-1,-1,-1,0,0,0,1,50s,5,3
343,29,Masculino,Licenciatura,Calificación enfermedad de trabajo,7,7,7,7,7,7,6,6,7,7,7,6,6,7,7,6,6,7,7,6,6,6,6,6,5,7,6,6,7,7,7,7,6,6,6,7,7,7,7,7,7,7,6,5,-1,-1,-2,0,-1,-1,1,1,0,0,-1,0,0,0,0,1,1,0,0,1,0,-1,20s,2,5
344,44,Femenino,Preparatoria,Dictamen beneficiario incapacitado,6,5,6,7,7,6,7,7,7,7,6,6,6,7,6,6,6,6,7,7,7,7,6,6,6,7,7,5,4,4,4,6,6,7,7,6,6,6,6,6,6,6,6,6,0,1,0,0,0,-1,-3,-3,-3,-1,0,1,1,-1,0,0,0,0,-1,-1,-1,-1,40s,4,4
345,34,Masculino,Secundaria,Dictamen incapacidad Permanente Total,5,6,6,5,6,5,5,5,5,7,7,7,7,7,7,7,7,7,7,7,7,7,7,6,6,7,6,5,5,5,5,7,7,7,7,7,7,7,7,7,7,7,7,7,2,0,0,2,0,0,0,0,0,0,0,0,0,0,0,0,0,0,0,0,0,0,30s,3,3
346,28,Femenino,Preparatoria,Calificación accidente de trabajo,6,6,7,6,6,6,5,5,6,7,7,7,6,7,7,7,7,7,7,7,7,7,6,6,5,7,7,5,4,7,5,7,3,4,4,6,6,6,6,6,5,7,6,7,0,0,-2,1,1,-1,-1,2,-1,0,-4,-3,-2,-1,-1,-1,-1,-1,-2,0,-1,0,20s,2,4
347,55,Masculino,Primaria,Dictamen de Invalidez,5,5,5,5,5,3,3,3,3,7,7,7,7,7,5,5,5,5,5,6,6,5,5,5,5,5,6,6,5,5,7,6,6,5,6,5,7,6,5,6,6,7,7,6,0,0,0,0,1,3,2,2,4,-1,-1,-2,-1,-2,2,1,0,1,1,1,1,1,50s,5,2
348,48,Femenino,Secundaria,Dictamen de Invalidez,6,6,7,7,7,7,7,7,7,5,7,7,7,7,7,7,6,6,6,6,6,6,5,5,5,5,5,6,4,4,4,5,4,6,5,5,4,5,5,6,5,5,4,6,-1,-1,-2,-2,-2,-1,-3,-3,-3,0,-3,-1,-2,-2,-3,-2,-1,0,-1,-1,-2,0,40s,4,3
349,32,Femenino,Preparatoria,Calificación accidente de trabajo,7,7,7,7,5,6,5,5,5,7,6,7,7,7,7,7,7,6,5,5,6,6,6,5,6,5,6,6,4,4,4,7,4,5,6,6,6,6,6,6,4,6,4,6,-1,-2,-1,-2,1,0,-1,-1,-1,0,-2,-2,-1,-1,-1,-1,-1,0,-1,1,-2,0,30s,3,4
350,38,Masculino,Preparatoria,Calificación accidente de trabajo,6,6,6,5,5,5,4,6,4,6,6,6,6,5,5,6,4,4,4,5,5,6,5,5,5,4,6,6,6,6,4,6,4,5,6,6,5,5,5,5,4,5,4,5,-1,-1,-1,-1,1,1,2,0,0,0,-2,-1,0,1,0,-1,1,1,0,0,-1,-1,30s,3,4
351,42,Masculino,Preparatoria,Dictamen beneficiario incapacitado,6,7,7,6,6,6,5,5,5,7,7,7,7,5,5,7,7,7,5,5,6,5,6,5,4,7,6,5,5,5,5,7,7,7,7,7,6,6,6,6,5,5,5,5,0,-2,-3,1,0,-1,0,0,0,0,0,0,0,2,1,-1,-1,-1,0,0,-1,0,40s,4,4
352,46,Femenino,Preparatoria,Calificación accidente de trabajo,6,6,6,7,7,7,7,6,6,5,5,6,7,6,6,5,5,6,7,7,7,7,6,6,6,5,5,5,5,6,6,6,6,6,6,6,6,4,4,4,5,5,5,6,0,0,0,-2,-2,-2,-2,0,0,1,1,0,-1,0,0,-1,-1,-2,-2,-2,-2,-1,40s,4,4
353,58,Masculino,Primaria,Dictamen de Invalidez,6,6,6,6,6,6,5,5,5,6,6,5,5,5,5,6,6,6,6,6,6,6,4,4,6,4,4,4,5,5,5,6,6,6,6,5,5,5,5,5,5,4,4,2,-2,-2,0,-2,-2,-2,0,0,0,0,0,1,1,0,0,-1,-1,-1,-1,-2,-2,-4,50s,5,2
354,35,Femenino,Secundaria,Dictamen beneficiario incapacitado,4,5,6,6,5,7,4,5,4,5,6,5,5,6,7,7,7,7,7,6,5,5,5,6,6,5,6,5,6,6,6,6,7,6,7,6,7,7,7,7,6,6,6,6,1,1,0,-1,1,-2,2,1,2,1,1,1,2,0,0,0,0,0,-1,0,1,1,30s,3,3
355,44,Masculino,Secundaria,Dictamen de Invalidez,6,5,5,4,6,5,6,5,4,4,4,5,5,5,5,6,6,6,5,5,5,5,3,4,3,5,4,5,4,3,4,7,5,4,4,5,4,4,4,4,6,5,4,4,-3,-1,-2,1,-2,0,-2,-2,0,3,1,-1,-1,0,-1,-2,-2,-2,1,0,-1,-1,40s,4,3
356,28,Femenino,Licenciatura,Calificación accidente de trabajo,4,6,7,4,6,7,7,7,7,7,6,6,6,6,6,6,6,6,5,4,4,4,6,5,5,7,6,5,4,4,4,5,4,3,6,5,7,7,7,6,5,5,5,5,2,-1,-2,3,0,-2,-3,-3,-3,-2,-2,-3,0,-1,1,1,1,0,0,1,1,1,20s,2,5
357,46,Masculino,Preparatoria,Calificación enfermedad de trabajo,7,6,6,7,6,7,7,7,7,7,7,7,7,7,7,7,7,7,7,7,7,7,7,7,7,7,7,7,7,7,7,6,5,5,6,7,6,6,7,7,7,7,6,7,0,1,1,0,1,0,0,0,0,-1,-2,-2,-1,0,-1,-1,0,0,0,0,-1,0,40s,4,4
358,44,Femenino,Preparatoria,Calificación accidente de trabajo,7,7,7,7,7,7,6,6,6,7,5,6,5,5,7,7,7,7,5,7,5,7,7,6,6,7,7,6,6,6,6,7,4,4,5,5,6,7,7,7,7,7,6,7,0,-1,-1,0,0,-1,0,0,0,0,-1,-2,0,0,-1,0,0,0,2,0,1,0,40s,4,4
359,48,Masculino,Secundaria,Dictamen Incapacidad Permanente Parcial,7,7,7,5,5,7,6,6,5,5,7,7,7,7,7,7,7,7,4,6,6,6,6,4,5,6,6,6,4,7,5,7,7,7,7,7,7,7,7,7,7,7,7,7,-1,-3,-2,1,1,-1,-2,1,0,2,0,0,0,0,0,0,0,0,3,1,1,1,40s,4,3
360,42,Femenino,Preparatoria,Calificación accidente de trabajo,5,7,6,6,5,7,6,7,6,5,6,6,5,5,5,5,6,6,7,6,7,7,7,5,5,7,7,7,7,7,7,6,6,7,7,7,7,7,7,7,7,7,7,7,2,-2,-1,1,2,0,1,0,1,1,0,1,2,2,2,2,1,1,0,1,0,0,40s,4,4
361,24,Masculino,Licenciatura,Calificación accidente de trabajo,6,6,6,7,6,6,7,6,6,7,7,7,7,6,7,6,6,6,7,7,7,7,7,7,7,7,7,6,5,5,6,6,7,7,7,6,6,7,7,6,6,6,7,7,1,1,1,0,1,0,-2,-1,0,-1,0,0,0,0,-1,1,1,0,-1,-1,0,0,20s,2,5
362,59,Masculino,Preparatoria,Dictamen de Invalidez,7,7,7,7,7,7,6,6,6,7,6,6,5,5,7,7,7,7,5,7,7,7,7,7,7,7,7,6,6,6,6,7,5,5,5,5,6,7,7,7,7,7,6,7,0,0,0,0,0,-1,0,0,0,0,-1,-1,0,0,-1,0,0,0,2,0,-1,0,50s,5,4
363,45,Femenino,Preparatoria,Dictamen beneficiario incapacitado,6,6,6,7,7,6,5,5,6,6,6,6,6,6,7,7,7,6,6,7,6,6,7,6,6,7,6,7,7,6,6,7,7,7,7,7,7,7,6,6,6,6,7,7,1,0,0,0,-1,1,2,1,0,1,1,1,1,1,0,0,-1,0,0,-1,1,1,40s,4,4
364,53,Masculino,Secundaria,Calificación accidente de trabajo,7,7,7,7,7,7,7,7,7,7,7,7,7,7,7,7,7,7,7,7,7,7,7,7,7,7,7,7,7,7,7,7,7,7,7,7,7,7,7,7,7,7,7,7,0,0,0,0,0,0,0,0,0,0,0,0,0,0,0,0,0,0,0,0,0,0,50s,5,3
365,28,Femenino,Licenciatura,Calificación accidente de trabajo,6,5,5,5,6,6,6,6,6,6,7,7,7,7,7,7,7,7,5,5,5,5,6,6,6,6,6,6,5,5,5,7,6,6,7,7,7,7,7,7,5,5,5,5,0,1,1,1,0,0,-1,-1,-1,1,-1,-1,0,0,0,0,0,0,0,0,0,0,20s,2,5
366,54,Femenino,Preparatoria,Dictamen de Invalidez,6,6,7,7,7,6,7,7,7,6,6,6,7,7,6,6,7,7,6,7,7,7,7,6,5,7,6,6,6,6,6,6,4,3,5,6,6,7,6,5,6,6,7,6,1,0,-2,0,-1,0,-1,-1,-1,0,-2,-3,-2,-1,0,1,-1,-2,0,-1,0,-1,50s,5,4
367,35,Masculino,Secundaria,Calificación accidente de trabajo,5,5,6,6,5,7,5,5,5,5,6,5,5,6,7,7,7,7,7,6,5,5,6,6,6,6,6,5,6,6,6,6,7,6,7,6,7,7,7,7,6,6,6,6,1,1,0,0,1,-2,1,1,1,1,1,1,2,0,0,0,0,0,-1,0,1,1,30s,3,3
368,50,Femenino,Preparatoria,Dictamen Incapacidad Permanente Parcial,6,7,7,7,6,7,7,7,7,6,6,7,7,7,7,6,6,6,7,7,7,7,7,7,7,7,7,7,7,7,7,7,7,7,7,7,7,7,7,7,7,7,7,7,1,0,0,0,1,0,0,0,0,1,1,0,0,0,0,1,1,1,0,0,0,0,50s,5,4
369,31,Masculino,Preparatoria,Calificación accidente de trabajo,6,6,6,7,7,7,7,6,6,6,6,6,7,6,6,6,6,6,7,7,7,7,6,6,6,5,5,5,5,6,6,6,6,6,6,6,6,6,5,5,6,6,6,7,0,0,0,-2,-2,-2,-2,0,0,0,0,0,-1,0,0,0,-1,-1,-1,-1,-1,0,30s,3,4
370,43,Femenino,Secundaria,Calificación enfermedad de trabajo,6,7,7,6,6,6,5,5,5,7,7,7,7,5,5,7,7,7,5,5,6,5,6,5,4,7,6,5,4,6,4,7,7,7,7,7,6,6,6,6,5,5,5,6,0,-2,-3,1,0,-1,-1,1,-1,0,0,0,0,2,1,-1,-1,-1,0,0,-1,1,40s,4,3
371,35,Masculino,Preparatoria,Calificación accidente de trabajo,6,6,6,6,6,6,6,6,6,6,6,6,6,6,6,6,6,6,6,6,6,6,5,5,6,5,6,6,6,6,4,6,4,5,6,6,5,5,5,5,5,5,6,6,-1,-1,0,-1,0,0,0,0,-2,0,-2,-1,0,0,-1,-1,-1,-1,-1,-1,0,0,30s,3,4
372,58,Femenino,Preparatoria,Dictamen de Invalidez,6,6,6,6,5,5,5,5,6,7,7,7,7,7,7,6,6,6,6,6,6,5,6,6,7,7,7,7,7,7,7,7,7,7,7,7,7,7,7,7,6,7,7,7,0,0,1,1,2,2,2,2,1,0,0,0,0,0,0,1,1,1,0,1,1,2,50s,5,4
373,48,Masculino,Secundaria,Dictamen Incapacidad Permanente Parcial,7,7,7,7,7,7,7,7,7,7,6,7,7,7,7,7,7,6,5,5,5,5,6,5,6,5,6,6,6,6,6,6,6,6,6,6,6,6,6,6,5,5,6,6,-1,-2,-1,-2,-1,-1,-1,-1,-1,-1,0,-1,-1,-1,-1,-1,-1,0,0,0,1,1,40s,4,3
374,30,Masculino,Preparatoria,Calificación accidente de trabajo,6,6,7,7,7,7,7,7,7,6,7,7,7,7,7,7,7,7,6,6,6,6,5,5,5,5,5,6,5,5,5,5,4,6,6,5,6,5,5,6,6,6,6,6,-1,-1,-2,-2,-2,-1,-2,-2,-2,-1,-3,-1,-1,-2,-1,-2,-2,-1,0,0,0,0,30s,3,4
375,47,Femenino,Preparatoria,Calificación enfermedad de trabajo,6,6,6,6,6,6,6,6,6,7,7,7,7,7,7,7,7,7,7,7,7,7,6,6,6,6,6,6,6,6,7,6,6,6,6,6,7,6,6,6,6,7,7,6,0,0,0,0,0,0,0,0,1,-1,-1,-1,-1,-1,0,-1,-1,-1,-1,0,0,-1,40s,4,4
376,20,Femenino,Preparatoria,Calificación accidente de trabajo,7,7,7,7,7,7,6,6,6,7,7,7,7,7,7,7,7,7,7,7,7,7,6,6,5,7,7,5,5,7,5,7,6,6,6,6,6,6,6,6,6,7,6,7,-1,-1,-2,0,0,-2,-1,1,-1,0,-1,-1,-1,-1,-1,-1,-1,-1,-1,0,-1,0,20s,2,4
377,58,Masculino,Analfabeta,Dictamen Incapacidad Permanente Parcial,6,6,6,6,6,6,6,6,6,7,7,7,7,7,7,7,7,7,7,7,7,7,7,7,7,7,7,7,7,7,7,7,7,7,7,7,7,7,7,7,7,7,7,7,1,1,1,1,1,1,1,1,1,0,0,0,0,0,0,0,0,0,0,0,0,0,50s,5,1
378,33,Masculino,Preparatoria,Calificación accidente de trabajo,6,7,7,7,7,6,7,7,7,7,6,6,6,7,6,7,7,7,7,7,7,7,6,6,6,7,7,5,6,6,6,6,6,6,6,6,6,6,6,6,6,6,6,6,0,-1,-1,0,0,-1,-1,-1,-1,-1,0,0,0,-1,0,-1,-1,-1,-1,-1,-1,-1,30s,3,4
379,42,Femenino,Preparatoria,Dictamen beneficiario incapacitado,7,7,7,7,7,7,6,6,7,7,7,6,6,7,7,6,6,7,7,6,6,6,6,6,7,7,6,6,5,5,5,7,6,6,6,7,7,7,7,7,7,7,6,6,-1,-1,0,0,-1,-1,-1,-1,-2,0,-1,0,0,0,0,1,1,0,0,1,0,0,40s,4,4
380,59,Masculino,Secundaria,Calificación enfermedad de trabajo,6,6,7,7,7,6,7,7,7,7,7,7,7,7,7,7,7,7,6,6,6,6,5,6,6,6,6,5,3,3,3,6,6,7,6,6,7,6,6,6,6,6,6,6,-1,0,-1,-1,-1,-1,-4,-4,-4,-1,-1,0,-1,-1,0,-1,-1,-1,0,0,0,0,50s,5,3
381,39,Femenino,Licenciatura,Calificación accidente de trabajo,7,7,7,7,7,7,7,7,7,7,7,7,7,7,7,7,7,7,7,7,7,7,6,4,4,6,5,5,6,6,6,7,6,6,7,7,7,5,5,5,6,6,7,6,-1,-3,-3,-1,-2,-2,-1,-1,-1,0,-1,-1,0,0,0,-2,-2,-2,-1,-1,0,-1,30s,3,5
382,19,Femenino,Preparatoria,Calificación accidente de trabajo,6,6,6,6,6,6,6,6,6,6,6,6,6,6,6,6,6,6,6,6,6,6,5,5,5,5,4,5,4,5,5,5,5,5,5,5,5,5,6,6,6,6,5,5,-1,-1,-1,-1,-2,-1,-2,-1,-1,-1,-1,-1,-1,-1,-1,-1,0,0,0,0,-1,-1,10s,1,4
383,41,Masculino,Secundaria,Dictamen Incapacidad Permanente Parcial,7,6,6,7,7,6,6,6,6,7,7,6,6,6,7,7,7,7,6,6,6,6,6,6,6,7,7,6,6,7,6,7,6,6,7,7,6,6,6,7,6,6,6,6,-1,0,0,0,0,0,0,1,0,0,-1,0,1,1,-1,-1,-1,0,0,0,0,0,40s,4,3
